/* 
1. Проанализировать структуру БД vk, которую мы создали на занятии, и внести предложения по
   усовершенствованию (если такие идеи есть). Напишите пожалуйста, всё-ли понятно по структуре.
2. Используя сервис http://filldb.info или другой по вашему желанию, сгенерировать тестовые
   данные для всех таблиц, учитывая логику связей. Для всех таблиц, где это имеет смысл,
   создать не менее 100 строк. Создать локально БД vk и загрузить в неё тестовые данные.
*/

DROP DATABASE IF EXISTS vk;
CREATE DATABASE vk;
USE vk;

DROP TABLE IF EXISTS `users`;
CREATE TABLE `users` (
	`id` SERIAL PRIMARY KEY,
    `firstname` VARCHAR(50),
    `lastname` VARCHAR(50),
    `email` VARCHAR(120) UNIQUE,
    `phone` BIGINT UNIQUE,
    INDEX `users_phone_idx` (`phone`),
    INDEX `users_firstname_lastname_idx` (`firstname`, `lastname`)
);

DROP TABLE IF EXISTS `messages`;
CREATE TABLE `messages` (
    `id` SERIAL PRIMARY KEY,
    `from_user_id` BIGINT UNSIGNED NOT NULL,
    `to_user_id` BIGINT UNSIGNED NOT NULL,
    `body` TEXT NOT NULL,
    `created_at` DATETIME DEFAULT NOW(),
    INDEX `messages_from_user_idx` (`from_user_id`),
    INDEX `messages_to_user_idx` (`to_user_id`),
    FOREIGN KEY (`from_user_id`) REFERENCES `users` (`id`),
    FOREIGN KEY (`to_user_id`) REFERENCES `users` (`id`)
);

DROP TABLE IF EXISTS `friend_requests`;
CREATE TABLE `friend_requests` (
    `initiator_user_id` BIGINT UNSIGNED NOT NULL,
    `target_user_id` BIGINT UNSIGNED NOT NULL,
    `status` ENUM('requested', 'approved', 'unfriended', 'declined'),
    `requested_at` DATETIME DEFAULT NOW(),
    `confirmed_at` DATETIME,
	
    PRIMARY KEY (`initiator_user_id`, `target_user_id`),
    INDEX (`initiator_user_id`),
    INDEX (`target_user_id`),
    FOREIGN KEY (`initiator_user_id`) REFERENCES `users` (`id`),
    FOREIGN KEY (`target_user_id`) REFERENCES `users` (`id`)
);

DROP TABLE IF EXISTS `communities`;
CREATE TABLE `communities`(
    `id` SERIAL PRIMARY KEY,
    `name` VARCHAR(150) UNIQUE,

    INDEX `communities_name_idx` (`name`)
);

DROP TABLE IF EXISTS `users_communities`;
CREATE TABLE `users_communities`(
    `user_id` BIGINT UNSIGNED NOT NULL,
    `community_id` BIGINT UNSIGNED NOT NULL,
  
    PRIMARY KEY (`user_id`, `community_id`),
    FOREIGN KEY (`user_id`) REFERENCES `users` (`id`)
        ON UPDATE CASCADE
        ON DELETE CASCADE,
    FOREIGN KEY (`community_id`) REFERENCES `communities` (`id`)
        ON UPDATE CASCADE
        ON DELETE CASCADE
);

DROP TABLE IF EXISTS `media_types`;
CREATE TABLE `media_types`(
    `id` SERIAL PRIMARY KEY,
    `name` VARCHAR(255),
    `created_at` DATETIME DEFAULT NOW(),
    `updated_at` DATETIME DEFAULT NULL ON UPDATE CURRENT_TIMESTAMP
);

DROP TABLE IF EXISTS `media`;
CREATE TABLE `media`(
    `id` SERIAL PRIMARY KEY,
    `media_type_id` BIGINT UNSIGNED NOT NULL,
    `user_id` BIGINT UNSIGNED NOT NULL,
  	`body` TEXT,
    `filename` VARCHAR(255),
    `size` INT,
    `metadata` JSON,
    `created_at` DATETIME DEFAULT NOW(),
    `updated_at` DATETIME DEFAULT NULL ON UPDATE CURRENT_TIMESTAMP,

    INDEX (`user_id`),
    FOREIGN KEY (`user_id`) REFERENCES `users` (`id`)
        ON UPDATE CASCADE,
    FOREIGN KEY (`media_type_id`) REFERENCES `media_types` (`id`)
        ON UPDATE CASCADE
        ON DELETE RESTRICT
);

DROP TABLE IF EXISTS `photo_albums`;
CREATE TABLE `photo_albums` (
    `id` SERIAL PRIMARY KEY,
    `name` varchar(255) DEFAULT NULL,
    `user_id` BIGINT UNSIGNED DEFAULT NULL,

    FOREIGN KEY (`user_id`) REFERENCES `users` (`id`)
        ON UPDATE CASCADE
        ON DELETE CASCADE
);

DROP TABLE IF EXISTS `photos`;
CREATE TABLE `photos` (
    `album_id` BIGINT UNSIGNED NOT NULL,
    `media_id` BIGINT UNSIGNED NOT NULL,

    PRIMARY KEY (`album_id`, `media_id`),
    FOREIGN KEY (`album_id`) REFERENCES `photo_albums` (`id`)
        ON UPDATE CASCADE
        ON DELETE RESTRICT,
    FOREIGN KEY (`media_id`) REFERENCES `media` (`id`)
        ON UPDATE CASCADE
        ON DELETE CASCADE
);

DROP TABLE IF EXISTS `posts`;
CREATE TABLE `posts` (
    `id` SERIAL PRIMARY KEY,
    `user_id` BIGINT UNSIGNED NOT NULL,
    `reply_to` BIGINT UNSIGNED DEFAULT NULL,
    `media_id` BIGINT UNSIGNED DEFAULT NULL,
    `body` TEXT DEFAULT NULL,
    `created_at` DATETIME DEFAULT NOW(),
    `updated_at` DATETIME DEFAULT NULL ON UPDATE CURRENT_TIMESTAMP,

    INDEX (`user_id`),
    FOREIGN KEY (`user_id`) REFERENCES `users` (`id`)
        ON UPDATE CASCADE
        ON DELETE CASCADE,
    FOREIGN KEY (`reply_to`) REFERENCES `posts` (`id`)
        ON UPDATE CASCADE
        ON DELETE CASCADE,
    FOREIGN KEY (`media_id`) REFERENCES `media` (`id`)
        ON UPDATE CASCADE
        ON DELETE SET NULL
);

DROP TABLE IF EXISTS `attachments`;
CREATE TABLE `attachments` (
    `post_id` BIGINT UNSIGNED NOT NULL,
    `media_id` BIGINT UNSIGNED NOT NULL,

    PRIMARY KEY (`post_id`, `media_id`),
    FOREIGN KEY (`post_id`) REFERENCES `posts` (`id`)
        ON UPDATE CASCADE
        ON DELETE CASCADE,
    FOREIGN KEY (`media_id`) REFERENCES `media` (`id`)
        ON UPDATE CASCADE
        ON DELETE CASCADE
);

DROP TABLE IF EXISTS `likes`;
CREATE TABLE `likes`(
    `id` SERIAL PRIMARY KEY,
    `user_id` BIGINT UNSIGNED NOT NULL,
    `media_id` BIGINT UNSIGNED DEFAULT NULL,
    `post_id` BIGINT UNSIGNED DEFAULT NULL,
    `created_at` DATETIME DEFAULT NOW(),

    FOREIGN KEY (`user_id`) REFERENCES `users` (`id`)
        ON UPDATE CASCADE
        ON DELETE CASCADE,
    FOREIGN KEY (`media_id`) REFERENCES `media` (`id`)
        ON UPDATE CASCADE
        ON DELETE CASCADE,
    FOREIGN KEY (`post_id`) REFERENCES `posts` (`id`)
        ON UPDATE CASCADE
        ON DELETE CASCADE
);

DROP TABLE IF EXISTS `profiles`;
CREATE TABLE `profiles` (
    `user_id` SERIAL PRIMARY KEY,
    `gender` CHAR(1),
    `birthday` DATE,
    `photo_id` BIGINT UNSIGNED DEFAULT NULL,
    `created_at` DATETIME DEFAULT NOW(),
    `hometown` VARCHAR(100),

    INDEX (`hometown`),
    FOREIGN KEY (`user_id`) REFERENCES `users` (`id`)
    	ON UPDATE CASCADE
    	ON DELETE RESTRICT,
    FOREIGN KEY (`photo_id`) REFERENCES `media` (`id`)
        ON UPDATE CASCADE
        ON DELETE SET NULL
);

/*
** TABLE DATA FOR: `users`
*/

INSERT INTO `users` (`id`, `firstname`, `lastname`, `email`, `phone`) VALUES ('101', 'Virgil', 'Bauch', 'giovani.kassulke@example.com', '338');
INSERT INTO `users` (`id`, `firstname`, `lastname`, `email`, `phone`) VALUES ('102', 'Carter', 'Feil', 'mbeier@example.org', '107398');
INSERT INTO `users` (`id`, `firstname`, `lastname`, `email`, `phone`) VALUES ('103', 'Jose', 'O\'Connell', 'neha86@example.com', '13');
INSERT INTO `users` (`id`, `firstname`, `lastname`, `email`, `phone`) VALUES ('104', 'Tanner', 'Hessel', 'no\'hara@example.org', '0');
INSERT INTO `users` (`id`, `firstname`, `lastname`, `email`, `phone`) VALUES ('105', 'Aubrey', 'Effertz', 'nolson@example.org', '99');
INSERT INTO `users` (`id`, `firstname`, `lastname`, `email`, `phone`) VALUES ('106', 'Otho', 'Parker', 'lkertzmann@example.org', '196');
INSERT INTO `users` (`id`, `firstname`, `lastname`, `email`, `phone`) VALUES ('107', 'Skye', 'O\'Connell', 'gottlieb.donna@example.org', '1');
INSERT INTO `users` (`id`, `firstname`, `lastname`, `email`, `phone`) VALUES ('112', 'Lorenz', 'Lakin', 'maximus.walsh@example.com', '63');
INSERT INTO `users` (`id`, `firstname`, `lastname`, `email`, `phone`) VALUES ('114', 'Timothy', 'Haag', 'pcollier@example.net', '32');
INSERT INTO `users` (`id`, `firstname`, `lastname`, `email`, `phone`) VALUES ('117', 'Lottie', 'Bergstrom', 'dariana18@example.net', '142594');
INSERT INTO `users` (`id`, `firstname`, `lastname`, `email`, `phone`) VALUES ('121', 'Bethel', 'Kertzmann', 'pschroeder@example.com', '126');
INSERT INTO `users` (`id`, `firstname`, `lastname`, `email`, `phone`) VALUES ('124', 'Irma', 'Nicolas', 'ellsworth.welch@example.org', '8112372101');
INSERT INTO `users` (`id`, `firstname`, `lastname`, `email`, `phone`) VALUES ('126', 'Cristal', 'Hammes', 'mafalda97@example.org', '5365951787');
INSERT INTO `users` (`id`, `firstname`, `lastname`, `email`, `phone`) VALUES ('127', 'Shannon', 'Crooks', 'cletus.turcotte@example.org', '2612519957');
INSERT INTO `users` (`id`, `firstname`, `lastname`, `email`, `phone`) VALUES ('130', 'Jessie', 'Prosacco', 'aschumm@example.com', '689');
INSERT INTO `users` (`id`, `firstname`, `lastname`, `email`, `phone`) VALUES ('131', 'Everett', 'Homenick', 'lavina47@example.com', '396953882');
INSERT INTO `users` (`id`, `firstname`, `lastname`, `email`, `phone`) VALUES ('132', 'Johnathon', 'Luettgen', 'sporer.raoul@example.net', '188218');
INSERT INTO `users` (`id`, `firstname`, `lastname`, `email`, `phone`) VALUES ('134', 'Myrtis', 'Adams', 'bogisich.tia@example.net', '7018053238');
INSERT INTO `users` (`id`, `firstname`, `lastname`, `email`, `phone`) VALUES ('135', 'Kennedy', 'Fahey', 'karolann04@example.com', '19');
INSERT INTO `users` (`id`, `firstname`, `lastname`, `email`, `phone`) VALUES ('138', 'Liam', 'Gaylord', 'pat.huels@example.org', '55');
INSERT INTO `users` (`id`, `firstname`, `lastname`, `email`, `phone`) VALUES ('139', 'Agustin', 'Stark', 'corkery.kennedi@example.com', '955');
INSERT INTO `users` (`id`, `firstname`, `lastname`, `email`, `phone`) VALUES ('142', 'Wilber', 'Cremin', 'lauren.abernathy@example.org', '75');
INSERT INTO `users` (`id`, `firstname`, `lastname`, `email`, `phone`) VALUES ('144', 'Fatima', 'Russel', 'satterfield.katheryn@example.net', '1170762060');
INSERT INTO `users` (`id`, `firstname`, `lastname`, `email`, `phone`) VALUES ('145', 'Mozelle', 'Legros', 'lavada.botsford@example.org', '429306');
INSERT INTO `users` (`id`, `firstname`, `lastname`, `email`, `phone`) VALUES ('146', 'Fern', 'Fritsch', 'micah56@example.com', '4626316170');
INSERT INTO `users` (`id`, `firstname`, `lastname`, `email`, `phone`) VALUES ('149', 'Clementine', 'Purdy', 'pollich.alford@example.com', '756947');
INSERT INTO `users` (`id`, `firstname`, `lastname`, `email`, `phone`) VALUES ('150', 'Soledad', 'West', 'chauncey69@example.org', '258');
INSERT INTO `users` (`id`, `firstname`, `lastname`, `email`, `phone`) VALUES ('153', 'Muhammad', 'Stokes', 'cpacocha@example.net', '388');
INSERT INTO `users` (`id`, `firstname`, `lastname`, `email`, `phone`) VALUES ('154', 'Jovani', 'Feeney', 'greenholt.favian@example.org', '35');
INSERT INTO `users` (`id`, `firstname`, `lastname`, `email`, `phone`) VALUES ('157', 'Irving', 'Lubowitz', 'hannah.windler@example.org', '5685689566');
INSERT INTO `users` (`id`, `firstname`, `lastname`, `email`, `phone`) VALUES ('160', 'Tobin', 'Goyette', 'skiles.kelsi@example.com', '1833');
INSERT INTO `users` (`id`, `firstname`, `lastname`, `email`, `phone`) VALUES ('166', 'Finn', 'Bashirian', 'russ.douglas@example.com', '491');
INSERT INTO `users` (`id`, `firstname`, `lastname`, `email`, `phone`) VALUES ('168', 'Lucie', 'Nicolas', 'stamm.zoila@example.net', '735825');
INSERT INTO `users` (`id`, `firstname`, `lastname`, `email`, `phone`) VALUES ('170', 'Elbert', 'Medhurst', 'cronin.gilda@example.org', '1405026660');
INSERT INTO `users` (`id`, `firstname`, `lastname`, `email`, `phone`) VALUES ('171', 'Cornelius', 'Runte', 'nturner@example.org', '2809244245');
INSERT INTO `users` (`id`, `firstname`, `lastname`, `email`, `phone`) VALUES ('172', 'Benedict', 'Bogan', 'philip.schmidt@example.com', '22');
INSERT INTO `users` (`id`, `firstname`, `lastname`, `email`, `phone`) VALUES ('177', 'Tatum', 'Blick', 'kaycee02@example.org', '2842646139');
INSERT INTO `users` (`id`, `firstname`, `lastname`, `email`, `phone`) VALUES ('181', 'Verla', 'Wilkinson', 'kamille.purdy@example.net', '86');
INSERT INTO `users` (`id`, `firstname`, `lastname`, `email`, `phone`) VALUES ('183', 'Karine', 'Kohler', 'gregory.williamson@example.net', '248');
INSERT INTO `users` (`id`, `firstname`, `lastname`, `email`, `phone`) VALUES ('184', 'Skyla', 'Rohan', 'jovanny.kemmer@example.net', '700');
INSERT INTO `users` (`id`, `firstname`, `lastname`, `email`, `phone`) VALUES ('187', 'Jesus', 'Runolfsdottir', 'kuhn.leann@example.org', '595');
INSERT INTO `users` (`id`, `firstname`, `lastname`, `email`, `phone`) VALUES ('191', 'Rachelle', 'Goodwin', 'brannon.price@example.com', '274004');
INSERT INTO `users` (`id`, `firstname`, `lastname`, `email`, `phone`) VALUES ('192', 'Perry', 'Halvorson', 'victor19@example.net', '910874');
INSERT INTO `users` (`id`, `firstname`, `lastname`, `email`, `phone`) VALUES ('194', 'Kyle', 'Ferry', 'rhartmann@example.org', '793718');
INSERT INTO `users` (`id`, `firstname`, `lastname`, `email`, `phone`) VALUES ('197', 'Lauryn', 'Nikolaus', 'pemard@example.org', '403258');
INSERT INTO `users` (`id`, `firstname`, `lastname`, `email`, `phone`) VALUES ('198', 'Maximilian', 'Veum', 'pzemlak@example.com', '276');
INSERT INTO `users` (`id`, `firstname`, `lastname`, `email`, `phone`) VALUES ('199', 'Linnie', 'Dietrich', 'rvandervort@example.org', '59195');

/*
** TABLE DATA FOR: `messages`
*/

INSERT INTO `messages` (`id`, `from_user_id`, `to_user_id`, `body`, `created_at`) VALUES ('1', '101', '101', 'Occaecati ut modi laborum harum hic. Nihil est quia consequuntur ut et enim. Perspiciatis nam et animi est.', '1998-05-04 04:51:56');
INSERT INTO `messages` (`id`, `from_user_id`, `to_user_id`, `body`, `created_at`) VALUES ('2', '102', '102', 'Voluptatibus deserunt illum fugiat ut facere cumque ex. Minus qui alias itaque et.', '1982-06-28 02:45:10');
INSERT INTO `messages` (`id`, `from_user_id`, `to_user_id`, `body`, `created_at`) VALUES ('3', '103', '103', 'Ratione perspiciatis maxime iste minus neque nulla voluptatum dolorum. Reiciendis dolorem quibusdam est nihil. Doloribus architecto aliquid odit suscipit sunt. Suscipit cumque qui temporibus nesciunt et.', '2001-05-06 17:25:31');
INSERT INTO `messages` (`id`, `from_user_id`, `to_user_id`, `body`, `created_at`) VALUES ('4', '104', '104', 'Labore qui veniam in nihil. Asperiores esse mollitia non beatae pariatur culpa et. Qui iste repellat aliquid vel. Qui suscipit cum ex quis voluptate iste at.', '1981-10-05 11:13:43');
INSERT INTO `messages` (`id`, `from_user_id`, `to_user_id`, `body`, `created_at`) VALUES ('5', '105', '105', 'Natus nihil ut culpa. Quia qui odio itaque suscipit voluptatem nostrum et eius. Blanditiis consequatur iure nostrum ut repellat quis. Sed quia minima dolores est rerum voluptatem dolore quia.', '2018-01-01 23:49:34');
INSERT INTO `messages` (`id`, `from_user_id`, `to_user_id`, `body`, `created_at`) VALUES ('6', '106', '106', 'Eveniet non ut voluptatem voluptas. Voluptatibus et ut et voluptate necessitatibus et maiores ut. Porro voluptatem illo ex sed. Sunt odit aperiam quis velit dolorem quae id.', '2000-10-04 03:17:21');
INSERT INTO `messages` (`id`, `from_user_id`, `to_user_id`, `body`, `created_at`) VALUES ('7', '107', '107', 'Dolorum molestias rerum cumque impedit aut nulla. Architecto repudiandae rerum neque molestiae quisquam. Et nihil et consequatur quia nobis occaecati iure fuga.', '2002-01-29 00:14:07');
INSERT INTO `messages` (`id`, `from_user_id`, `to_user_id`, `body`, `created_at`) VALUES ('8', '112', '112', 'Nemo et et sunt harum. Sed est error velit odio iure et quam. Ut dignissimos qui ut molestiae aspernatur quasi et.', '2006-10-25 09:33:40');
INSERT INTO `messages` (`id`, `from_user_id`, `to_user_id`, `body`, `created_at`) VALUES ('9', '114', '114', 'Dolor libero facere recusandae enim aut eum. Sunt doloremque architecto labore sint dolores ut voluptatem.', '2001-03-17 23:30:02');
INSERT INTO `messages` (`id`, `from_user_id`, `to_user_id`, `body`, `created_at`) VALUES ('10', '117', '117', 'Molestiae sit maiores nisi doloremque voluptas rem. Iure explicabo id cupiditate tempora qui incidunt voluptas aut. Similique incidunt qui aut porro cum esse. Nihil ratione aut quis autem.', '1999-12-17 14:01:25');
INSERT INTO `messages` (`id`, `from_user_id`, `to_user_id`, `body`, `created_at`) VALUES ('11', '121', '121', 'Corporis expedita nihil et illo voluptatum. Aperiam voluptas quis deserunt sint aut quo. Placeat exercitationem vero soluta quis.', '2017-11-12 04:42:06');
INSERT INTO `messages` (`id`, `from_user_id`, `to_user_id`, `body`, `created_at`) VALUES ('12', '124', '124', 'Totam cum voluptas quod. Voluptatem sed enim quis laboriosam quis distinctio. Ut consequuntur facere ipsa autem culpa. Quaerat sed autem eius.', '2015-01-06 20:29:05');
INSERT INTO `messages` (`id`, `from_user_id`, `to_user_id`, `body`, `created_at`) VALUES ('13', '126', '126', 'Est et tenetur unde. Exercitationem harum sint incidunt nobis. Amet illo doloremque exercitationem voluptas tenetur nihil. Sunt sed veritatis earum voluptatem inventore non. Blanditiis dolor aut fuga quia.', '2015-06-20 20:20:29');
INSERT INTO `messages` (`id`, `from_user_id`, `to_user_id`, `body`, `created_at`) VALUES ('14', '127', '127', 'Corrupti qui mollitia quo. Et animi aut perferendis labore rerum at. Ipsam enim sint voluptates facilis dolor. Vel saepe velit perferendis repellendus ex.', '2004-04-11 20:44:18');
INSERT INTO `messages` (`id`, `from_user_id`, `to_user_id`, `body`, `created_at`) VALUES ('15', '130', '130', 'Velit voluptas sed et ut. Aut voluptatem sit molestiae magni. Porro illum quam corrupti fuga. Et quod ut aut cupiditate quos assumenda.', '1984-11-12 11:48:36');
INSERT INTO `messages` (`id`, `from_user_id`, `to_user_id`, `body`, `created_at`) VALUES ('16', '131', '131', 'Et porro facilis consectetur voluptatem placeat aut ipsa eveniet. Nesciunt et sapiente quas nostrum. Ipsum commodi accusamus dolore soluta suscipit aliquam. Nihil eveniet enim in accusantium distinctio.', '1989-11-13 16:03:28');
INSERT INTO `messages` (`id`, `from_user_id`, `to_user_id`, `body`, `created_at`) VALUES ('17', '132', '132', 'Expedita sequi repudiandae dolor aliquam quisquam facere quam necessitatibus. Consectetur qui culpa ut in sequi corporis voluptatum. Minima nobis voluptas voluptatem incidunt et qui. Est error reiciendis veniam et ut ipsa sunt.', '1988-01-31 11:38:39');
INSERT INTO `messages` (`id`, `from_user_id`, `to_user_id`, `body`, `created_at`) VALUES ('18', '134', '134', 'Aut odit nisi est facere. Minima est quod id esse. Odio nam tenetur sed. Animi ipsum veritatis assumenda dolorem neque autem.', '1977-06-23 00:44:30');
INSERT INTO `messages` (`id`, `from_user_id`, `to_user_id`, `body`, `created_at`) VALUES ('19', '135', '135', 'Sapiente quaerat vitae qui ipsum laborum. Distinctio labore quo enim qui quae aut voluptatem. Consequatur cumque at consequatur consequatur animi. Nam et a enim laboriosam sunt autem unde quia.', '1976-12-11 19:23:08');
INSERT INTO `messages` (`id`, `from_user_id`, `to_user_id`, `body`, `created_at`) VALUES ('20', '138', '138', 'Dicta in est veritatis architecto. Ea impedit consequatur ullam sed. Veritatis at laboriosam tenetur id laborum eius ut quos. Eos aspernatur sequi rerum et minus recusandae.', '1985-08-27 07:15:47');
INSERT INTO `messages` (`id`, `from_user_id`, `to_user_id`, `body`, `created_at`) VALUES ('21', '139', '139', 'Excepturi quidem porro quibusdam ut voluptatem. Aut aspernatur error ullam commodi perferendis ipsum natus provident. Expedita voluptatem non ipsum ab labore aut dignissimos.', '2015-09-22 21:11:10');
INSERT INTO `messages` (`id`, `from_user_id`, `to_user_id`, `body`, `created_at`) VALUES ('22', '142', '142', 'Dolores pariatur ut voluptatem accusamus. Eaque quam ab quos et nesciunt eligendi quidem. Repellendus nobis quia iure velit ratione. Sunt qui accusantium rerum ab sunt.', '1970-03-07 19:25:32');
INSERT INTO `messages` (`id`, `from_user_id`, `to_user_id`, `body`, `created_at`) VALUES ('23', '144', '144', 'Quos quam ducimus fuga eum. Possimus ut reprehenderit perferendis voluptas. Autem est iste explicabo pariatur. Ad magnam consectetur consequuntur aut qui voluptatem dolor.', '1986-10-29 08:31:28');
INSERT INTO `messages` (`id`, `from_user_id`, `to_user_id`, `body`, `created_at`) VALUES ('24', '145', '145', 'Aut hic velit quo nostrum. Ex vero veniam assumenda unde quas hic. Praesentium repellendus quis sunt fugit quae.', '1975-01-30 07:23:34');
INSERT INTO `messages` (`id`, `from_user_id`, `to_user_id`, `body`, `created_at`) VALUES ('25', '146', '146', 'Beatae saepe et animi rem quia. Labore error est itaque architecto dicta. Recusandae sit et aut ut cumque dolore. Sapiente quia quis et ipsam mollitia.', '1994-08-03 10:39:50');
INSERT INTO `messages` (`id`, `from_user_id`, `to_user_id`, `body`, `created_at`) VALUES ('26', '149', '149', 'Quibusdam quisquam nulla et nostrum suscipit rerum rerum. Possimus labore est dolore quaerat fugiat.', '2009-06-02 07:09:31');
INSERT INTO `messages` (`id`, `from_user_id`, `to_user_id`, `body`, `created_at`) VALUES ('27', '150', '150', 'Voluptatum id qui quis ullam iure dolor. Fugit voluptas non tenetur aut distinctio quaerat excepturi. Architecto omnis ut doloribus non consectetur.', '2018-10-15 02:04:37');
INSERT INTO `messages` (`id`, `from_user_id`, `to_user_id`, `body`, `created_at`) VALUES ('28', '153', '153', 'Id distinctio ut perspiciatis totam et vel. Fuga ratione inventore modi laborum hic rem. Enim qui aliquid vel iure autem quia.', '1971-07-16 17:34:10');
INSERT INTO `messages` (`id`, `from_user_id`, `to_user_id`, `body`, `created_at`) VALUES ('29', '154', '154', 'Ut rerum repudiandae ea vel. Aut sed similique corporis error. Illum saepe velit labore quos vitae voluptatem. Deleniti sapiente ab eum est hic deserunt ad.', '1998-12-06 03:59:19');
INSERT INTO `messages` (`id`, `from_user_id`, `to_user_id`, `body`, `created_at`) VALUES ('30', '157', '157', 'Illo architecto amet debitis hic nisi libero. Fugit nisi ab nesciunt eaque sed iure. Nobis a qui perferendis.', '1971-10-16 11:03:40');
INSERT INTO `messages` (`id`, `from_user_id`, `to_user_id`, `body`, `created_at`) VALUES ('31', '160', '160', 'Aut qui eligendi qui autem dolore sunt. Deserunt tenetur voluptatum voluptatem aliquam ab. Sit pariatur omnis asperiores ut repellendus vero. Sed tempore pariatur eum nostrum omnis enim architecto doloremque. Id sint animi repudiandae sapiente dolorum repellat.', '2003-03-30 19:20:38');
INSERT INTO `messages` (`id`, `from_user_id`, `to_user_id`, `body`, `created_at`) VALUES ('32', '166', '166', 'Voluptates aut suscipit ratione aliquid. Eum officiis voluptatibus magni aut. Molestiae quo omnis est iure accusamus et omnis. Culpa et quia suscipit dolores qui voluptates maiores.', '1973-08-16 23:01:38');
INSERT INTO `messages` (`id`, `from_user_id`, `to_user_id`, `body`, `created_at`) VALUES ('33', '168', '168', 'Est tempora tenetur ut saepe quaerat harum in. Nesciunt sapiente et ut commodi quia. Temporibus nemo ipsa ullam accusamus laborum.', '2017-03-22 02:56:41');
INSERT INTO `messages` (`id`, `from_user_id`, `to_user_id`, `body`, `created_at`) VALUES ('34', '170', '170', 'Aspernatur non placeat atque facere. Commodi et sunt laudantium explicabo quo. Non eos iusto eligendi alias optio. Officiis iste velit iste voluptatem odio laboriosam ut quidem.', '1989-11-08 03:04:17');
INSERT INTO `messages` (`id`, `from_user_id`, `to_user_id`, `body`, `created_at`) VALUES ('35', '171', '171', 'Enim sint neque omnis vitae necessitatibus ducimus qui. Facilis quo repellendus voluptates ipsam. Autem voluptatum voluptas facilis hic sint rem. Voluptate animi quia quasi commodi perferendis dolorem est. Quos et sint odio ratione placeat alias voluptas ut.', '1976-08-27 17:29:59');
INSERT INTO `messages` (`id`, `from_user_id`, `to_user_id`, `body`, `created_at`) VALUES ('36', '172', '172', 'Minima placeat aut modi facere praesentium. Quia aliquam esse quaerat hic cum ut sunt. Sint voluptas soluta eius quia quia.', '1972-09-26 22:41:06');
INSERT INTO `messages` (`id`, `from_user_id`, `to_user_id`, `body`, `created_at`) VALUES ('37', '177', '177', 'Architecto quis repudiandae soluta id facere. Est deleniti ratione veritatis qui. Sunt labore at sed nulla. Error ut consequuntur dolore deserunt magni.', '1977-08-12 08:06:40');
INSERT INTO `messages` (`id`, `from_user_id`, `to_user_id`, `body`, `created_at`) VALUES ('38', '181', '181', 'Autem laboriosam tempore ducimus vitae ducimus quam nesciunt. Aliquam ratione velit voluptate doloremque quia odit. Ipsam aut repellendus accusantium odit consequatur occaecati cumque. Blanditiis a placeat voluptatem doloribus.', '1985-01-30 03:25:50');
INSERT INTO `messages` (`id`, `from_user_id`, `to_user_id`, `body`, `created_at`) VALUES ('39', '183', '183', 'Vel expedita est nulla iure voluptatem dolorum eius. Quia eaque dolorem amet et vel delectus. Consequatur nisi eveniet neque sed modi.', '1999-08-08 12:10:10');
INSERT INTO `messages` (`id`, `from_user_id`, `to_user_id`, `body`, `created_at`) VALUES ('40', '184', '184', 'Labore consequatur voluptas voluptate molestias. Asperiores ut molestiae ab earum rerum expedita. Aut et consequatur id optio.', '1980-04-03 18:13:37');
INSERT INTO `messages` (`id`, `from_user_id`, `to_user_id`, `body`, `created_at`) VALUES ('41', '187', '187', 'Fuga velit quod libero molestiae. Aut maiores eligendi ut eaque non autem. Earum porro accusamus dolores amet nisi.', '1987-01-28 07:18:56');
INSERT INTO `messages` (`id`, `from_user_id`, `to_user_id`, `body`, `created_at`) VALUES ('42', '191', '191', 'Exercitationem aut excepturi nemo et sed aut odit ad. Reprehenderit quis voluptatem porro eaque. Incidunt non consequatur sequi qui cum. Consequatur magnam excepturi ipsam excepturi nesciunt. Autem totam et aut velit.', '1990-05-12 05:45:37');
INSERT INTO `messages` (`id`, `from_user_id`, `to_user_id`, `body`, `created_at`) VALUES ('43', '192', '192', 'Aliquid dignissimos eligendi recusandae natus maxime dolore. Officia asperiores blanditiis unde voluptas voluptates. Architecto rerum dolore eos sed magnam. Consequatur dicta itaque libero est placeat.', '2006-02-26 05:44:09');
INSERT INTO `messages` (`id`, `from_user_id`, `to_user_id`, `body`, `created_at`) VALUES ('44', '194', '194', 'Occaecati autem id quia. Maiores placeat sunt commodi inventore fugit. Est repellat laudantium quo ut animi quo.', '1973-02-27 18:37:12');
INSERT INTO `messages` (`id`, `from_user_id`, `to_user_id`, `body`, `created_at`) VALUES ('45', '197', '197', 'Aliquid eos consequuntur voluptatem sapiente. Doloremque labore voluptate eos in atque temporibus ipsum laboriosam. Autem similique necessitatibus adipisci iusto dolores est. Et quibusdam velit reprehenderit vero quia.', '1997-11-05 07:07:32');
INSERT INTO `messages` (`id`, `from_user_id`, `to_user_id`, `body`, `created_at`) VALUES ('46', '198', '198', 'Amet corrupti similique assumenda. Numquam adipisci sint molestiae dolorem cum sed reiciendis. Quo occaecati soluta voluptates. Dolor maiores in ut et. Itaque quam maiores praesentium consequuntur adipisci expedita aperiam.', '2002-04-12 11:23:47');
INSERT INTO `messages` (`id`, `from_user_id`, `to_user_id`, `body`, `created_at`) VALUES ('47', '199', '199', 'Est autem et voluptatem veritatis cum. Odit repellat eligendi recusandae et deserunt omnis magni. Tenetur magnam id necessitatibus ea blanditiis ipsam. Vitae quod occaecati vel occaecati tempore eum tenetur.', '1993-04-05 01:44:43');
INSERT INTO `messages` (`id`, `from_user_id`, `to_user_id`, `body`, `created_at`) VALUES ('48', '101', '101', 'Tempore voluptate et quae ut ut. Natus ut deserunt enim ut perspiciatis error eius ex. Ratione ipsum assumenda quis et et. Vel deserunt rerum est dolor. Odio quisquam rerum sit velit et et minus aliquam.', '1986-04-07 09:40:42');
INSERT INTO `messages` (`id`, `from_user_id`, `to_user_id`, `body`, `created_at`) VALUES ('49', '102', '102', 'Quia et et saepe. Similique minima ipsa dolor rerum possimus minus saepe et. Nobis dolorum fuga ratione animi. Aliquam sit sunt eius magni est velit.', '1988-03-24 11:17:37');
INSERT INTO `messages` (`id`, `from_user_id`, `to_user_id`, `body`, `created_at`) VALUES ('50', '103', '103', 'Numquam praesentium magni qui reprehenderit ut qui architecto. Et at cupiditate ea ullam non assumenda. Commodi id et recusandae voluptatum distinctio minima. Nobis voluptatibus facilis commodi eligendi quis in aut.', '2012-08-28 06:00:11');
INSERT INTO `messages` (`id`, `from_user_id`, `to_user_id`, `body`, `created_at`) VALUES ('51', '104', '104', 'Enim totam consequatur aut qui sit ducimus omnis. In a eum ducimus similique sed deserunt. Et eveniet voluptatem placeat culpa.', '1985-08-05 14:31:01');
INSERT INTO `messages` (`id`, `from_user_id`, `to_user_id`, `body`, `created_at`) VALUES ('52', '105', '105', 'Dolores velit reprehenderit sed sed. Molestiae quia nemo ut molestiae. Sed voluptatem est autem ipsum laborum qui sunt quibusdam.', '1985-05-28 16:06:39');
INSERT INTO `messages` (`id`, `from_user_id`, `to_user_id`, `body`, `created_at`) VALUES ('53', '106', '106', 'Porro et qui nemo earum minus sunt alias. Enim ut adipisci cupiditate cupiditate. Quaerat suscipit similique est sunt. Omnis dolores dolor est similique molestiae aut similique.', '2015-08-09 01:55:35');
INSERT INTO `messages` (`id`, `from_user_id`, `to_user_id`, `body`, `created_at`) VALUES ('54', '107', '107', 'Quis non perspiciatis iure accusantium pariatur sed asperiores nihil. Dolor sit voluptas corrupti unde consequatur nisi. Placeat molestiae natus maxime qui. Sed aspernatur ut eius amet perspiciatis.', '1985-08-01 08:12:40');
INSERT INTO `messages` (`id`, `from_user_id`, `to_user_id`, `body`, `created_at`) VALUES ('55', '112', '112', 'Voluptas delectus ratione voluptatem ut nostrum vitae. Facere aut aliquid illum perspiciatis. Molestias aut et aut vitae soluta rerum. Laboriosam neque animi aut omnis necessitatibus voluptatem placeat. Qui cum sunt nisi atque.', '1993-10-31 06:02:02');
INSERT INTO `messages` (`id`, `from_user_id`, `to_user_id`, `body`, `created_at`) VALUES ('56', '114', '114', 'Sunt et aut incidunt voluptatem harum. Aspernatur et ducimus quae veritatis est sunt odio corrupti. Rerum vero ducimus corporis aspernatur tenetur reiciendis et.', '1991-09-10 12:35:15');
INSERT INTO `messages` (`id`, `from_user_id`, `to_user_id`, `body`, `created_at`) VALUES ('57', '117', '117', 'Nostrum consectetur et illum. Sed nulla assumenda vel omnis illum earum magni a. Quasi adipisci accusantium placeat odio doloribus sunt quis.', '1992-01-04 00:04:13');
INSERT INTO `messages` (`id`, `from_user_id`, `to_user_id`, `body`, `created_at`) VALUES ('58', '121', '121', 'Ut adipisci aut magni animi soluta veritatis et. Reprehenderit consequatur eaque consequatur assumenda modi iure rem et. Assumenda quibusdam modi eveniet ut et. Perspiciatis voluptatem eum nobis qui a similique sed.', '2013-09-13 11:43:25');
INSERT INTO `messages` (`id`, `from_user_id`, `to_user_id`, `body`, `created_at`) VALUES ('59', '124', '124', 'Distinctio in et dolor repudiandae animi omnis dolorem enim. Quis nihil saepe perferendis similique. Similique et eligendi ea laboriosam voluptas dolore qui. Adipisci porro voluptatem qui omnis consequatur labore velit.', '1992-11-26 00:57:09');
INSERT INTO `messages` (`id`, `from_user_id`, `to_user_id`, `body`, `created_at`) VALUES ('60', '126', '126', 'Sit voluptatem perferendis nulla aut. Hic dolorum exercitationem ut sequi. Cum fugiat a enim inventore nam ut praesentium. Voluptas facere consectetur ducimus quo nostrum consequuntur pariatur.', '2010-09-04 03:45:17');
INSERT INTO `messages` (`id`, `from_user_id`, `to_user_id`, `body`, `created_at`) VALUES ('61', '127', '127', 'Itaque quidem nulla blanditiis nam. Nesciunt laboriosam illum possimus dolor. Magnam tenetur saepe veniam unde unde iusto.', '1995-09-09 14:48:11');
INSERT INTO `messages` (`id`, `from_user_id`, `to_user_id`, `body`, `created_at`) VALUES ('62', '130', '130', 'Architecto reprehenderit beatae quasi molestiae dolore magni distinctio. Nesciunt vitae ullam qui nam cum blanditiis quod saepe. Porro minima qui id. Modi sed est sed vel voluptatem a.', '1972-11-04 16:29:53');
INSERT INTO `messages` (`id`, `from_user_id`, `to_user_id`, `body`, `created_at`) VALUES ('63', '131', '131', 'Eum vel corporis ab necessitatibus nulla. Magni optio est voluptatibus. Ut quia facere maiores assumenda in et sunt atque. Illo itaque nemo accusantium blanditiis ut possimus aliquam.', '2000-01-29 07:07:06');
INSERT INTO `messages` (`id`, `from_user_id`, `to_user_id`, `body`, `created_at`) VALUES ('64', '132', '132', 'Non distinctio ipsum ut sint sed ratione. Soluta aut accusamus soluta adipisci alias unde aperiam qui.', '2001-06-12 16:57:45');
INSERT INTO `messages` (`id`, `from_user_id`, `to_user_id`, `body`, `created_at`) VALUES ('65', '134', '134', 'Aut tempore quo ad quia quos iste. Similique voluptas ut aliquid facilis illo et quia. Veritatis dicta magni exercitationem officia velit. Ut nisi optio voluptatibus rerum doloremque.', '2007-03-19 17:00:13');
INSERT INTO `messages` (`id`, `from_user_id`, `to_user_id`, `body`, `created_at`) VALUES ('66', '135', '135', 'Quia quia a tempora accusantium. Dolorum non eum fugit pariatur sit. Quia deserunt tempora expedita doloribus distinctio.', '2000-12-14 05:01:39');
INSERT INTO `messages` (`id`, `from_user_id`, `to_user_id`, `body`, `created_at`) VALUES ('67', '138', '138', 'Placeat voluptatum est veritatis porro quia et. Voluptate quod quia dolores nisi sapiente fugiat. Dolorem eius quia molestiae voluptates debitis quas similique. Magnam pariatur nam dicta neque velit.', '2006-11-16 19:13:08');
INSERT INTO `messages` (`id`, `from_user_id`, `to_user_id`, `body`, `created_at`) VALUES ('68', '139', '139', 'Deserunt non eum et totam impedit id voluptas distinctio. Error alias id culpa. Architecto sit delectus quis sint possimus quisquam eos rerum.', '2000-03-20 15:35:24');
INSERT INTO `messages` (`id`, `from_user_id`, `to_user_id`, `body`, `created_at`) VALUES ('69', '142', '142', 'Et est eveniet qui similique. Rerum fuga officiis doloribus sed perferendis. Impedit corporis nemo quas id consequatur corrupti saepe voluptatum. Expedita excepturi beatae blanditiis voluptas. Nulla quaerat non ipsa et.', '2015-04-28 00:38:33');
INSERT INTO `messages` (`id`, `from_user_id`, `to_user_id`, `body`, `created_at`) VALUES ('70', '144', '144', 'Non vero repellat culpa adipisci at molestiae sunt. Aspernatur aut nam voluptatibus temporibus illum hic ea sed. Dicta debitis dolor neque exercitationem earum eos. Reprehenderit illum sed facere amet. Facilis perferendis sit dolore libero modi.', '1970-04-16 02:58:02');
INSERT INTO `messages` (`id`, `from_user_id`, `to_user_id`, `body`, `created_at`) VALUES ('71', '145', '145', 'Voluptas consequatur et at consequatur adipisci. Voluptatem et aliquam facere quae. Id dolores aliquid consequatur perferendis ipsam fugit laboriosam.', '2003-05-09 13:00:50');
INSERT INTO `messages` (`id`, `from_user_id`, `to_user_id`, `body`, `created_at`) VALUES ('72', '146', '146', 'Numquam sed molestiae velit. Ut autem dolorem rerum adipisci quisquam laborum. Unde quia voluptas qui. Qui sed eaque possimus eum.', '2015-07-22 13:15:08');
INSERT INTO `messages` (`id`, `from_user_id`, `to_user_id`, `body`, `created_at`) VALUES ('73', '149', '149', 'Qui sit rerum reprehenderit maxime tempora minus. Nemo vel rerum deleniti assumenda illum officia enim. Doloribus enim in ut quae.', '1975-05-19 17:16:45');
INSERT INTO `messages` (`id`, `from_user_id`, `to_user_id`, `body`, `created_at`) VALUES ('74', '150', '150', 'Iure iure dolores error omnis molestiae est. Ut incidunt maiores molestiae tempore voluptates. Omnis nobis minima eum recusandae accusantium ad labore tempore.', '1990-11-13 06:43:14');
INSERT INTO `messages` (`id`, `from_user_id`, `to_user_id`, `body`, `created_at`) VALUES ('75', '153', '153', 'At omnis nostrum eveniet ab dolorem non. Quo veniam velit ut quia accusamus. In ea nobis repudiandae quasi dolor. Quo sed in non cupiditate rem dolorem ut.', '1987-06-12 11:52:09');
INSERT INTO `messages` (`id`, `from_user_id`, `to_user_id`, `body`, `created_at`) VALUES ('76', '154', '154', 'Voluptas sequi aliquid esse fuga. Similique et eos aliquam voluptatem cupiditate inventore. Earum unde dolorum enim adipisci repellat fugit. Ut accusantium porro dolores provident assumenda labore.', '2014-12-11 04:36:38');
INSERT INTO `messages` (`id`, `from_user_id`, `to_user_id`, `body`, `created_at`) VALUES ('77', '157', '157', 'Sapiente earum ad dolore voluptas repudiandae pariatur ut. Minima aut quam non provident aut. Laudantium itaque ut nesciunt ut vel.', '2008-09-12 23:27:12');
INSERT INTO `messages` (`id`, `from_user_id`, `to_user_id`, `body`, `created_at`) VALUES ('78', '160', '160', 'Et error suscipit rem veniam fugit a consequuntur voluptatem. Iste quibusdam voluptas repellendus aut dignissimos. Autem architecto est in fugiat et qui nihil architecto.', '2006-11-17 16:03:53');
INSERT INTO `messages` (`id`, `from_user_id`, `to_user_id`, `body`, `created_at`) VALUES ('79', '166', '166', 'Unde vero earum veritatis pariatur. Iure est facere sed a dolor veritatis occaecati. Consequatur at ut quos tempore et. Dolores ducimus assumenda et facere sit enim.', '1985-09-27 03:48:27');
INSERT INTO `messages` (`id`, `from_user_id`, `to_user_id`, `body`, `created_at`) VALUES ('80', '168', '168', 'Culpa ipsa unde optio consequatur veritatis quibusdam inventore. Qui repudiandae sit voluptas architecto harum reiciendis et. Aut id quo cupiditate vel in nemo suscipit voluptatem. Corporis iure amet sapiente.', '1986-07-23 15:25:40');
INSERT INTO `messages` (`id`, `from_user_id`, `to_user_id`, `body`, `created_at`) VALUES ('81', '170', '170', 'Et quo quam quasi sint impedit. Iste ea assumenda consectetur voluptates non ipsum. Exercitationem ut hic perferendis error. Rerum quas voluptas voluptatem neque velit mollitia.', '1979-10-07 12:30:03');
INSERT INTO `messages` (`id`, `from_user_id`, `to_user_id`, `body`, `created_at`) VALUES ('82', '171', '171', 'Esse nam aut maiores nihil itaque quasi quia ducimus. Inventore molestiae qui laudantium velit. Officia dolorum autem omnis. Qui soluta nam consectetur quod ipsum accusamus rerum maxime.', '2000-01-20 05:19:40');
INSERT INTO `messages` (`id`, `from_user_id`, `to_user_id`, `body`, `created_at`) VALUES ('83', '172', '172', 'Placeat sit eum repellendus qui iusto saepe. Et facere qui qui illo consectetur sunt quo saepe. Ipsum delectus omnis quidem est explicabo quam.', '2005-10-02 20:10:59');
INSERT INTO `messages` (`id`, `from_user_id`, `to_user_id`, `body`, `created_at`) VALUES ('84', '177', '177', 'Sit dolore ipsam beatae vel ipsa voluptate. Qui voluptates eum eveniet culpa fugiat. Aut impedit enim est.', '2004-06-21 19:03:56');
INSERT INTO `messages` (`id`, `from_user_id`, `to_user_id`, `body`, `created_at`) VALUES ('85', '181', '181', 'Et ea et ipsa doloremque. Consequatur qui nobis reprehenderit rem magni voluptas optio. Dolores enim deleniti aut maiores nihil dolore non. Necessitatibus consequatur doloremque nobis necessitatibus rerum voluptatem.', '1975-08-24 08:02:27');
INSERT INTO `messages` (`id`, `from_user_id`, `to_user_id`, `body`, `created_at`) VALUES ('86', '183', '183', 'Veritatis nihil rerum ut aut tempora voluptas sapiente illum. Laborum enim quo odio. Quod numquam id impedit voluptate mollitia quia et. Enim odit assumenda commodi laboriosam. Id dolor aperiam sed hic.', '1974-03-14 01:40:59');
INSERT INTO `messages` (`id`, `from_user_id`, `to_user_id`, `body`, `created_at`) VALUES ('87', '184', '184', 'Voluptatem perferendis repellendus molestiae. Aut aperiam est voluptas adipisci sit quia. Ab eligendi dolor mollitia impedit fugit voluptate similique.', '2019-09-30 16:21:49');
INSERT INTO `messages` (`id`, `from_user_id`, `to_user_id`, `body`, `created_at`) VALUES ('88', '187', '187', 'Veritatis maxime aut autem et at. Beatae eos accusantium pariatur officiis. Vero quia ut id nam aliquam.', '1998-01-27 16:43:58');
INSERT INTO `messages` (`id`, `from_user_id`, `to_user_id`, `body`, `created_at`) VALUES ('89', '191', '191', 'Dolorum sequi iste ut dolores libero quia. Suscipit ex voluptatem voluptatem minus. Ipsum provident facilis et minima quam quia est nostrum.', '1993-09-01 06:05:12');
INSERT INTO `messages` (`id`, `from_user_id`, `to_user_id`, `body`, `created_at`) VALUES ('90', '192', '192', 'Dolor nam quia molestiae dolores. Minima fuga ut dignissimos quam et. Eveniet iste atque voluptatum enim delectus sunt.', '1996-04-26 16:20:49');
INSERT INTO `messages` (`id`, `from_user_id`, `to_user_id`, `body`, `created_at`) VALUES ('91', '194', '194', 'Magnam provident ex ut asperiores. Ullam est eum ullam veniam ipsam sapiente voluptatem. Rem placeat qui possimus rerum placeat.', '1995-10-19 03:30:37');
INSERT INTO `messages` (`id`, `from_user_id`, `to_user_id`, `body`, `created_at`) VALUES ('92', '197', '197', 'Aspernatur dolores hic unde quod. Delectus at illum et delectus nobis. Omnis recusandae sapiente omnis culpa officia voluptatem nam. Magni modi qui eaque sed iure dignissimos voluptas.', '2019-08-26 06:05:48');
INSERT INTO `messages` (`id`, `from_user_id`, `to_user_id`, `body`, `created_at`) VALUES ('93', '198', '198', 'Quo quam qui occaecati alias. Quos facere accusamus necessitatibus dolores dolorem eaque. Rerum illum qui aliquam quidem quam.', '1981-06-09 20:20:18');
INSERT INTO `messages` (`id`, `from_user_id`, `to_user_id`, `body`, `created_at`) VALUES ('94', '199', '199', 'Repudiandae est voluptatem qui distinctio voluptate sapiente autem. Ex consequatur impedit assumenda id eos sit in. Ea autem beatae sint. Molestiae distinctio perspiciatis modi molestiae eum.', '1994-09-21 19:30:40');
INSERT INTO `messages` (`id`, `from_user_id`, `to_user_id`, `body`, `created_at`) VALUES ('95', '101', '101', 'Velit assumenda rem non modi. Laudantium consequatur impedit consequuntur. Dolorem repellendus nemo et neque sequi dolorum similique molestiae.', '1970-03-09 05:49:12');
INSERT INTO `messages` (`id`, `from_user_id`, `to_user_id`, `body`, `created_at`) VALUES ('96', '102', '102', 'Magni saepe officiis nesciunt cupiditate culpa qui vero. At est voluptatem voluptatem aspernatur ad voluptatibus asperiores. Deleniti est voluptas optio iste. Expedita dignissimos praesentium ducimus et itaque ut.', '1980-11-07 16:17:51');
INSERT INTO `messages` (`id`, `from_user_id`, `to_user_id`, `body`, `created_at`) VALUES ('97', '103', '103', 'Dolorem sunt omnis enim perspiciatis aut. Dolore ipsam reiciendis dignissimos provident. Vel assumenda impedit aliquid dolor quisquam. Dignissimos et exercitationem consequatur nostrum ut dicta modi at.', '1996-05-14 23:51:52');
INSERT INTO `messages` (`id`, `from_user_id`, `to_user_id`, `body`, `created_at`) VALUES ('98', '104', '104', 'Ut consequatur quos aliquid cumque. Voluptatibus dicta modi quibusdam autem officia fuga. Omnis deserunt natus est non possimus. Placeat aut quasi necessitatibus.', '2002-04-22 15:16:43');
INSERT INTO `messages` (`id`, `from_user_id`, `to_user_id`, `body`, `created_at`) VALUES ('99', '105', '105', 'Quia non molestias nostrum dolore. Et minus id nemo nobis molestiae et placeat. Expedita rerum eum ad sit quae ad.', '2011-11-17 23:35:49');
INSERT INTO `messages` (`id`, `from_user_id`, `to_user_id`, `body`, `created_at`) VALUES ('100', '106', '106', 'Et iste voluptatem enim ducimus. Dolores eos mollitia odit veritatis deserunt ratione. Ducimus illo quo corporis minus eius at et.', '1992-11-09 05:40:28');

/*
** TABLE DATA FOR: `friend_requests`
*/

INSERT INTO `friend_requests` (`initiator_user_id`, `target_user_id`, `status`, `requested_at`, `confirmed_at`) VALUES ('101', '101', 'declined', '1982-07-17 05:51:50', '1994-03-05 16:32:36');
INSERT INTO `friend_requests` (`initiator_user_id`, `target_user_id`, `status`, `requested_at`, `confirmed_at`) VALUES ('102', '102', 'declined', '1970-10-07 23:42:57', '1983-07-23 21:29:44');
INSERT INTO `friend_requests` (`initiator_user_id`, `target_user_id`, `status`, `requested_at`, `confirmed_at`) VALUES ('103', '103', 'approved', '2013-07-04 03:59:56', '1981-04-04 20:03:14');
INSERT INTO `friend_requests` (`initiator_user_id`, `target_user_id`, `status`, `requested_at`, `confirmed_at`) VALUES ('104', '104', 'approved', '1999-08-13 16:44:08', '1990-04-26 11:54:29');
INSERT INTO `friend_requests` (`initiator_user_id`, `target_user_id`, `status`, `requested_at`, `confirmed_at`) VALUES ('105', '105', 'approved', '1985-08-12 14:28:05', '2015-08-10 21:21:44');
INSERT INTO `friend_requests` (`initiator_user_id`, `target_user_id`, `status`, `requested_at`, `confirmed_at`) VALUES ('106', '106', 'unfriended', '2018-03-08 20:28:59', '1974-04-06 17:41:15');
INSERT INTO `friend_requests` (`initiator_user_id`, `target_user_id`, `status`, `requested_at`, `confirmed_at`) VALUES ('107', '107', 'requested', '2006-03-25 07:25:36', '1996-09-20 06:49:09');
INSERT INTO `friend_requests` (`initiator_user_id`, `target_user_id`, `status`, `requested_at`, `confirmed_at`) VALUES ('112', '112', 'unfriended', '1976-12-01 22:00:16', '2014-10-07 04:52:03');
INSERT INTO `friend_requests` (`initiator_user_id`, `target_user_id`, `status`, `requested_at`, `confirmed_at`) VALUES ('114', '114', 'unfriended', '1993-04-08 04:07:50', '2008-08-19 08:29:27');
INSERT INTO `friend_requests` (`initiator_user_id`, `target_user_id`, `status`, `requested_at`, `confirmed_at`) VALUES ('117', '117', 'approved', '1995-11-08 23:21:12', '1995-02-19 03:12:02');
INSERT INTO `friend_requests` (`initiator_user_id`, `target_user_id`, `status`, `requested_at`, `confirmed_at`) VALUES ('121', '121', 'unfriended', '2003-11-01 13:32:03', '1983-06-11 03:28:37');
INSERT INTO `friend_requests` (`initiator_user_id`, `target_user_id`, `status`, `requested_at`, `confirmed_at`) VALUES ('124', '124', 'requested', '1971-01-17 11:31:52', '2006-07-16 15:37:06');
INSERT INTO `friend_requests` (`initiator_user_id`, `target_user_id`, `status`, `requested_at`, `confirmed_at`) VALUES ('126', '126', 'declined', '2011-03-30 03:15:08', '2016-10-02 20:10:15');
INSERT INTO `friend_requests` (`initiator_user_id`, `target_user_id`, `status`, `requested_at`, `confirmed_at`) VALUES ('127', '127', 'approved', '2017-02-24 03:24:18', '2005-09-13 07:40:57');
INSERT INTO `friend_requests` (`initiator_user_id`, `target_user_id`, `status`, `requested_at`, `confirmed_at`) VALUES ('130', '130', 'declined', '1977-06-28 11:59:33', '1975-12-23 21:44:11');
INSERT INTO `friend_requests` (`initiator_user_id`, `target_user_id`, `status`, `requested_at`, `confirmed_at`) VALUES ('131', '131', 'approved', '2014-06-07 17:19:04', '1974-02-14 17:02:53');
INSERT INTO `friend_requests` (`initiator_user_id`, `target_user_id`, `status`, `requested_at`, `confirmed_at`) VALUES ('132', '132', 'declined', '1979-12-27 01:09:36', '2006-01-29 13:56:01');
INSERT INTO `friend_requests` (`initiator_user_id`, `target_user_id`, `status`, `requested_at`, `confirmed_at`) VALUES ('134', '134', 'requested', '2018-05-20 12:33:53', '2014-10-26 13:25:02');
INSERT INTO `friend_requests` (`initiator_user_id`, `target_user_id`, `status`, `requested_at`, `confirmed_at`) VALUES ('135', '135', 'unfriended', '2012-02-25 01:17:30', '1986-02-11 12:25:11');
INSERT INTO `friend_requests` (`initiator_user_id`, `target_user_id`, `status`, `requested_at`, `confirmed_at`) VALUES ('138', '138', 'declined', '1971-05-12 17:00:47', '1997-05-16 22:41:05');
INSERT INTO `friend_requests` (`initiator_user_id`, `target_user_id`, `status`, `requested_at`, `confirmed_at`) VALUES ('139', '139', 'requested', '2018-04-23 19:26:36', '2016-02-14 16:28:42');
INSERT INTO `friend_requests` (`initiator_user_id`, `target_user_id`, `status`, `requested_at`, `confirmed_at`) VALUES ('142', '142', 'declined', '1971-02-24 18:45:31', '2019-03-22 01:05:52');
INSERT INTO `friend_requests` (`initiator_user_id`, `target_user_id`, `status`, `requested_at`, `confirmed_at`) VALUES ('144', '144', 'requested', '2008-01-01 18:59:50', '1994-04-19 19:09:16');
INSERT INTO `friend_requests` (`initiator_user_id`, `target_user_id`, `status`, `requested_at`, `confirmed_at`) VALUES ('145', '145', 'unfriended', '1975-01-28 21:59:32', '2003-04-20 01:23:23');
INSERT INTO `friend_requests` (`initiator_user_id`, `target_user_id`, `status`, `requested_at`, `confirmed_at`) VALUES ('146', '146', 'declined', '1993-12-09 22:16:14', '1996-11-26 02:52:36');
INSERT INTO `friend_requests` (`initiator_user_id`, `target_user_id`, `status`, `requested_at`, `confirmed_at`) VALUES ('149', '149', 'approved', '2012-08-20 23:22:01', '1994-10-09 09:25:29');
INSERT INTO `friend_requests` (`initiator_user_id`, `target_user_id`, `status`, `requested_at`, `confirmed_at`) VALUES ('150', '150', 'unfriended', '2007-04-27 11:44:55', '2010-08-19 09:56:07');
INSERT INTO `friend_requests` (`initiator_user_id`, `target_user_id`, `status`, `requested_at`, `confirmed_at`) VALUES ('153', '153', 'declined', '1987-09-28 21:40:31', '2000-06-25 08:06:28');
INSERT INTO `friend_requests` (`initiator_user_id`, `target_user_id`, `status`, `requested_at`, `confirmed_at`) VALUES ('154', '154', 'unfriended', '1971-02-26 10:54:29', '1993-02-08 23:08:24');
INSERT INTO `friend_requests` (`initiator_user_id`, `target_user_id`, `status`, `requested_at`, `confirmed_at`) VALUES ('157', '157', 'requested', '1973-07-12 20:04:49', '2011-04-24 06:15:19');
INSERT INTO `friend_requests` (`initiator_user_id`, `target_user_id`, `status`, `requested_at`, `confirmed_at`) VALUES ('160', '160', 'requested', '1989-11-11 22:24:43', '2007-10-02 23:19:15');
INSERT INTO `friend_requests` (`initiator_user_id`, `target_user_id`, `status`, `requested_at`, `confirmed_at`) VALUES ('166', '166', 'declined', '1986-03-06 16:18:24', '1981-09-19 22:25:00');
INSERT INTO `friend_requests` (`initiator_user_id`, `target_user_id`, `status`, `requested_at`, `confirmed_at`) VALUES ('168', '168', 'declined', '1980-06-27 18:23:40', '2000-04-01 20:38:00');
INSERT INTO `friend_requests` (`initiator_user_id`, `target_user_id`, `status`, `requested_at`, `confirmed_at`) VALUES ('170', '170', 'declined', '1989-10-13 02:59:08', '2002-10-25 19:36:59');
INSERT INTO `friend_requests` (`initiator_user_id`, `target_user_id`, `status`, `requested_at`, `confirmed_at`) VALUES ('171', '171', 'declined', '2018-03-27 08:02:01', '2010-01-01 06:22:18');
INSERT INTO `friend_requests` (`initiator_user_id`, `target_user_id`, `status`, `requested_at`, `confirmed_at`) VALUES ('172', '172', 'approved', '1977-07-30 20:41:49', '2006-07-08 14:13:55');
INSERT INTO `friend_requests` (`initiator_user_id`, `target_user_id`, `status`, `requested_at`, `confirmed_at`) VALUES ('177', '177', 'unfriended', '2004-01-06 21:26:12', '1986-01-09 23:40:59');
INSERT INTO `friend_requests` (`initiator_user_id`, `target_user_id`, `status`, `requested_at`, `confirmed_at`) VALUES ('181', '181', 'unfriended', '2013-01-20 05:51:34', '2007-01-06 06:49:25');
INSERT INTO `friend_requests` (`initiator_user_id`, `target_user_id`, `status`, `requested_at`, `confirmed_at`) VALUES ('183', '183', 'declined', '1981-12-20 18:59:22', '1986-12-17 20:09:08');
INSERT INTO `friend_requests` (`initiator_user_id`, `target_user_id`, `status`, `requested_at`, `confirmed_at`) VALUES ('184', '184', 'unfriended', '2008-07-01 10:43:11', '1998-06-26 08:30:04');
INSERT INTO `friend_requests` (`initiator_user_id`, `target_user_id`, `status`, `requested_at`, `confirmed_at`) VALUES ('187', '187', 'approved', '2009-07-12 18:40:29', '2010-02-04 22:13:16');
INSERT INTO `friend_requests` (`initiator_user_id`, `target_user_id`, `status`, `requested_at`, `confirmed_at`) VALUES ('191', '191', 'declined', '1974-12-27 00:27:36', '2000-06-09 12:51:10');
INSERT INTO `friend_requests` (`initiator_user_id`, `target_user_id`, `status`, `requested_at`, `confirmed_at`) VALUES ('192', '192', 'approved', '1989-11-24 01:41:18', '2009-05-23 11:10:55');
INSERT INTO `friend_requests` (`initiator_user_id`, `target_user_id`, `status`, `requested_at`, `confirmed_at`) VALUES ('194', '194', 'unfriended', '1993-07-16 03:02:21', '2006-02-01 13:39:28');
INSERT INTO `friend_requests` (`initiator_user_id`, `target_user_id`, `status`, `requested_at`, `confirmed_at`) VALUES ('197', '197', 'unfriended', '1992-11-18 08:42:07', '1998-05-13 22:28:29');
INSERT INTO `friend_requests` (`initiator_user_id`, `target_user_id`, `status`, `requested_at`, `confirmed_at`) VALUES ('198', '198', 'unfriended', '2016-09-06 21:27:38', '1993-12-02 10:23:51');
INSERT INTO `friend_requests` (`initiator_user_id`, `target_user_id`, `status`, `requested_at`, `confirmed_at`) VALUES ('199', '199', 'declined', '2008-06-19 01:21:08', '1971-04-11 08:53:57');

/*
** TABLE DATA FOR: `communities`
*/

INSERT INTO `communities` (`id`, `name`) VALUES ('3', 'ab');
INSERT INTO `communities` (`id`, `name`) VALUES ('88', 'accusantium');
INSERT INTO `communities` (`id`, `name`) VALUES ('98', 'ad');
INSERT INTO `communities` (`id`, `name`) VALUES ('90', 'adipisci');
INSERT INTO `communities` (`id`, `name`) VALUES ('92', 'alias');
INSERT INTO `communities` (`id`, `name`) VALUES ('22', 'aliquam');
INSERT INTO `communities` (`id`, `name`) VALUES ('13', 'amet');
INSERT INTO `communities` (`id`, `name`) VALUES ('75', 'architecto');
INSERT INTO `communities` (`id`, `name`) VALUES ('47', 'asperiores');
INSERT INTO `communities` (`id`, `name`) VALUES ('91', 'aspernatur');
INSERT INTO `communities` (`id`, `name`) VALUES ('28', 'assumenda');
INSERT INTO `communities` (`id`, `name`) VALUES ('58', 'aut');
INSERT INTO `communities` (`id`, `name`) VALUES ('16', 'autem');
INSERT INTO `communities` (`id`, `name`) VALUES ('64', 'beatae');
INSERT INTO `communities` (`id`, `name`) VALUES ('44', 'commodi');
INSERT INTO `communities` (`id`, `name`) VALUES ('70', 'consectetur');
INSERT INTO `communities` (`id`, `name`) VALUES ('42', 'consequatur');
INSERT INTO `communities` (`id`, `name`) VALUES ('41', 'consequuntur');
INSERT INTO `communities` (`id`, `name`) VALUES ('81', 'corporis');
INSERT INTO `communities` (`id`, `name`) VALUES ('59', 'corrupti');
INSERT INTO `communities` (`id`, `name`) VALUES ('77', 'cum');
INSERT INTO `communities` (`id`, `name`) VALUES ('37', 'dicta');
INSERT INTO `communities` (`id`, `name`) VALUES ('56', 'distinctio');
INSERT INTO `communities` (`id`, `name`) VALUES ('46', 'dolor');
INSERT INTO `communities` (`id`, `name`) VALUES ('62', 'dolore');
INSERT INTO `communities` (`id`, `name`) VALUES ('48', 'dolorem');
INSERT INTO `communities` (`id`, `name`) VALUES ('2', 'dolores');
INSERT INTO `communities` (`id`, `name`) VALUES ('82', 'dolorum');
INSERT INTO `communities` (`id`, `name`) VALUES ('67', 'ducimus');
INSERT INTO `communities` (`id`, `name`) VALUES ('83', 'ea');
INSERT INTO `communities` (`id`, `name`) VALUES ('29', 'eaque');
INSERT INTO `communities` (`id`, `name`) VALUES ('93', 'earum');
INSERT INTO `communities` (`id`, `name`) VALUES ('12', 'enim');
INSERT INTO `communities` (`id`, `name`) VALUES ('6', 'est');
INSERT INTO `communities` (`id`, `name`) VALUES ('17', 'et');
INSERT INTO `communities` (`id`, `name`) VALUES ('68', 'eum');
INSERT INTO `communities` (`id`, `name`) VALUES ('100', 'eveniet');
INSERT INTO `communities` (`id`, `name`) VALUES ('26', 'excepturi');
INSERT INTO `communities` (`id`, `name`) VALUES ('69', 'expedita');
INSERT INTO `communities` (`id`, `name`) VALUES ('76', 'explicabo');
INSERT INTO `communities` (`id`, `name`) VALUES ('89', 'facilis');
INSERT INTO `communities` (`id`, `name`) VALUES ('27', 'fuga');
INSERT INTO `communities` (`id`, `name`) VALUES ('39', 'fugiat');
INSERT INTO `communities` (`id`, `name`) VALUES ('74', 'fugit');
INSERT INTO `communities` (`id`, `name`) VALUES ('53', 'id');
INSERT INTO `communities` (`id`, `name`) VALUES ('80', 'illum');
INSERT INTO `communities` (`id`, `name`) VALUES ('95', 'in');
INSERT INTO `communities` (`id`, `name`) VALUES ('66', 'incidunt');
INSERT INTO `communities` (`id`, `name`) VALUES ('9', 'iste');
INSERT INTO `communities` (`id`, `name`) VALUES ('57', 'iusto');
INSERT INTO `communities` (`id`, `name`) VALUES ('38', 'laboriosam');
INSERT INTO `communities` (`id`, `name`) VALUES ('11', 'laudantium');
INSERT INTO `communities` (`id`, `name`) VALUES ('96', 'magnam');
INSERT INTO `communities` (`id`, `name`) VALUES ('19', 'magni');
INSERT INTO `communities` (`id`, `name`) VALUES ('7', 'maiores');
INSERT INTO `communities` (`id`, `name`) VALUES ('36', 'modi');
INSERT INTO `communities` (`id`, `name`) VALUES ('63', 'molestiae');
INSERT INTO `communities` (`id`, `name`) VALUES ('86', 'molestias');
INSERT INTO `communities` (`id`, `name`) VALUES ('52', 'nam');
INSERT INTO `communities` (`id`, `name`) VALUES ('35', 'necessitatibus');
INSERT INTO `communities` (`id`, `name`) VALUES ('71', 'nihil');
INSERT INTO `communities` (`id`, `name`) VALUES ('54', 'nisi');
INSERT INTO `communities` (`id`, `name`) VALUES ('40', 'nobis');
INSERT INTO `communities` (`id`, `name`) VALUES ('23', 'non');
INSERT INTO `communities` (`id`, `name`) VALUES ('61', 'odit');
INSERT INTO `communities` (`id`, `name`) VALUES ('49', 'omnis');
INSERT INTO `communities` (`id`, `name`) VALUES ('79', 'perferendis');
INSERT INTO `communities` (`id`, `name`) VALUES ('99', 'perspiciatis');
INSERT INTO `communities` (`id`, `name`) VALUES ('10', 'porro');
INSERT INTO `communities` (`id`, `name`) VALUES ('5', 'possimus');
INSERT INTO `communities` (`id`, `name`) VALUES ('45', 'provident');
INSERT INTO `communities` (`id`, `name`) VALUES ('84', 'quaerat');
INSERT INTO `communities` (`id`, `name`) VALUES ('65', 'quas');
INSERT INTO `communities` (`id`, `name`) VALUES ('32', 'qui');
INSERT INTO `communities` (`id`, `name`) VALUES ('30', 'quia');
INSERT INTO `communities` (`id`, `name`) VALUES ('97', 'quidem');
INSERT INTO `communities` (`id`, `name`) VALUES ('1', 'quis');
INSERT INTO `communities` (`id`, `name`) VALUES ('15', 'quos');
INSERT INTO `communities` (`id`, `name`) VALUES ('33', 'reiciendis');
INSERT INTO `communities` (`id`, `name`) VALUES ('50', 'rem');
INSERT INTO `communities` (`id`, `name`) VALUES ('24', 'repellendus');
INSERT INTO `communities` (`id`, `name`) VALUES ('21', 'reprehenderit');
INSERT INTO `communities` (`id`, `name`) VALUES ('18', 'rerum');
INSERT INTO `communities` (`id`, `name`) VALUES ('85', 'sapiente');
INSERT INTO `communities` (`id`, `name`) VALUES ('8', 'sed');
INSERT INTO `communities` (`id`, `name`) VALUES ('72', 'sequi');
INSERT INTO `communities` (`id`, `name`) VALUES ('60', 'sint');
INSERT INTO `communities` (`id`, `name`) VALUES ('34', 'sit');
INSERT INTO `communities` (`id`, `name`) VALUES ('4', 'sunt');
INSERT INTO `communities` (`id`, `name`) VALUES ('51', 'tempora');
INSERT INTO `communities` (`id`, `name`) VALUES ('94', 'tempore');
INSERT INTO `communities` (`id`, `name`) VALUES ('73', 'ullam');
INSERT INTO `communities` (`id`, `name`) VALUES ('14', 'ut');
INSERT INTO `communities` (`id`, `name`) VALUES ('31', 'vel');
INSERT INTO `communities` (`id`, `name`) VALUES ('25', 'velit');
INSERT INTO `communities` (`id`, `name`) VALUES ('55', 'veritatis');
INSERT INTO `communities` (`id`, `name`) VALUES ('87', 'vero');
INSERT INTO `communities` (`id`, `name`) VALUES ('43', 'vitae');
INSERT INTO `communities` (`id`, `name`) VALUES ('20', 'voluptas');
INSERT INTO `communities` (`id`, `name`) VALUES ('78', 'voluptates');

/*
** TABLE DATA FOR: `users_communities`
*/

INSERT INTO `users_communities` (`user_id`, `community_id`) VALUES ('101', '1');
INSERT INTO `users_communities` (`user_id`, `community_id`) VALUES ('101', '48');
INSERT INTO `users_communities` (`user_id`, `community_id`) VALUES ('101', '95');
INSERT INTO `users_communities` (`user_id`, `community_id`) VALUES ('102', '2');
INSERT INTO `users_communities` (`user_id`, `community_id`) VALUES ('102', '49');
INSERT INTO `users_communities` (`user_id`, `community_id`) VALUES ('102', '96');
INSERT INTO `users_communities` (`user_id`, `community_id`) VALUES ('103', '3');
INSERT INTO `users_communities` (`user_id`, `community_id`) VALUES ('103', '50');
INSERT INTO `users_communities` (`user_id`, `community_id`) VALUES ('103', '97');
INSERT INTO `users_communities` (`user_id`, `community_id`) VALUES ('104', '4');
INSERT INTO `users_communities` (`user_id`, `community_id`) VALUES ('104', '51');
INSERT INTO `users_communities` (`user_id`, `community_id`) VALUES ('104', '98');
INSERT INTO `users_communities` (`user_id`, `community_id`) VALUES ('105', '5');
INSERT INTO `users_communities` (`user_id`, `community_id`) VALUES ('105', '52');
INSERT INTO `users_communities` (`user_id`, `community_id`) VALUES ('105', '99');
INSERT INTO `users_communities` (`user_id`, `community_id`) VALUES ('106', '6');
INSERT INTO `users_communities` (`user_id`, `community_id`) VALUES ('106', '53');
INSERT INTO `users_communities` (`user_id`, `community_id`) VALUES ('106', '100');
INSERT INTO `users_communities` (`user_id`, `community_id`) VALUES ('107', '7');
INSERT INTO `users_communities` (`user_id`, `community_id`) VALUES ('107', '54');
INSERT INTO `users_communities` (`user_id`, `community_id`) VALUES ('112', '8');
INSERT INTO `users_communities` (`user_id`, `community_id`) VALUES ('112', '55');
INSERT INTO `users_communities` (`user_id`, `community_id`) VALUES ('114', '9');
INSERT INTO `users_communities` (`user_id`, `community_id`) VALUES ('114', '56');
INSERT INTO `users_communities` (`user_id`, `community_id`) VALUES ('117', '10');
INSERT INTO `users_communities` (`user_id`, `community_id`) VALUES ('117', '57');
INSERT INTO `users_communities` (`user_id`, `community_id`) VALUES ('121', '11');
INSERT INTO `users_communities` (`user_id`, `community_id`) VALUES ('121', '58');
INSERT INTO `users_communities` (`user_id`, `community_id`) VALUES ('124', '12');
INSERT INTO `users_communities` (`user_id`, `community_id`) VALUES ('124', '59');
INSERT INTO `users_communities` (`user_id`, `community_id`) VALUES ('126', '13');
INSERT INTO `users_communities` (`user_id`, `community_id`) VALUES ('126', '60');
INSERT INTO `users_communities` (`user_id`, `community_id`) VALUES ('127', '14');
INSERT INTO `users_communities` (`user_id`, `community_id`) VALUES ('127', '61');
INSERT INTO `users_communities` (`user_id`, `community_id`) VALUES ('130', '15');
INSERT INTO `users_communities` (`user_id`, `community_id`) VALUES ('130', '62');
INSERT INTO `users_communities` (`user_id`, `community_id`) VALUES ('131', '16');
INSERT INTO `users_communities` (`user_id`, `community_id`) VALUES ('131', '63');
INSERT INTO `users_communities` (`user_id`, `community_id`) VALUES ('132', '17');
INSERT INTO `users_communities` (`user_id`, `community_id`) VALUES ('132', '64');
INSERT INTO `users_communities` (`user_id`, `community_id`) VALUES ('134', '18');
INSERT INTO `users_communities` (`user_id`, `community_id`) VALUES ('134', '65');
INSERT INTO `users_communities` (`user_id`, `community_id`) VALUES ('135', '19');
INSERT INTO `users_communities` (`user_id`, `community_id`) VALUES ('135', '66');
INSERT INTO `users_communities` (`user_id`, `community_id`) VALUES ('138', '20');
INSERT INTO `users_communities` (`user_id`, `community_id`) VALUES ('138', '67');
INSERT INTO `users_communities` (`user_id`, `community_id`) VALUES ('139', '21');
INSERT INTO `users_communities` (`user_id`, `community_id`) VALUES ('139', '68');
INSERT INTO `users_communities` (`user_id`, `community_id`) VALUES ('142', '22');
INSERT INTO `users_communities` (`user_id`, `community_id`) VALUES ('142', '69');
INSERT INTO `users_communities` (`user_id`, `community_id`) VALUES ('144', '23');
INSERT INTO `users_communities` (`user_id`, `community_id`) VALUES ('144', '70');
INSERT INTO `users_communities` (`user_id`, `community_id`) VALUES ('145', '24');
INSERT INTO `users_communities` (`user_id`, `community_id`) VALUES ('145', '71');
INSERT INTO `users_communities` (`user_id`, `community_id`) VALUES ('146', '25');
INSERT INTO `users_communities` (`user_id`, `community_id`) VALUES ('146', '72');
INSERT INTO `users_communities` (`user_id`, `community_id`) VALUES ('149', '26');
INSERT INTO `users_communities` (`user_id`, `community_id`) VALUES ('149', '73');
INSERT INTO `users_communities` (`user_id`, `community_id`) VALUES ('150', '27');
INSERT INTO `users_communities` (`user_id`, `community_id`) VALUES ('150', '74');
INSERT INTO `users_communities` (`user_id`, `community_id`) VALUES ('153', '28');
INSERT INTO `users_communities` (`user_id`, `community_id`) VALUES ('153', '75');
INSERT INTO `users_communities` (`user_id`, `community_id`) VALUES ('154', '29');
INSERT INTO `users_communities` (`user_id`, `community_id`) VALUES ('154', '76');
INSERT INTO `users_communities` (`user_id`, `community_id`) VALUES ('157', '30');
INSERT INTO `users_communities` (`user_id`, `community_id`) VALUES ('157', '77');
INSERT INTO `users_communities` (`user_id`, `community_id`) VALUES ('160', '31');
INSERT INTO `users_communities` (`user_id`, `community_id`) VALUES ('160', '78');
INSERT INTO `users_communities` (`user_id`, `community_id`) VALUES ('166', '32');
INSERT INTO `users_communities` (`user_id`, `community_id`) VALUES ('166', '79');
INSERT INTO `users_communities` (`user_id`, `community_id`) VALUES ('168', '33');
INSERT INTO `users_communities` (`user_id`, `community_id`) VALUES ('168', '80');
INSERT INTO `users_communities` (`user_id`, `community_id`) VALUES ('170', '34');
INSERT INTO `users_communities` (`user_id`, `community_id`) VALUES ('170', '81');
INSERT INTO `users_communities` (`user_id`, `community_id`) VALUES ('171', '35');
INSERT INTO `users_communities` (`user_id`, `community_id`) VALUES ('171', '82');
INSERT INTO `users_communities` (`user_id`, `community_id`) VALUES ('172', '36');
INSERT INTO `users_communities` (`user_id`, `community_id`) VALUES ('172', '83');
INSERT INTO `users_communities` (`user_id`, `community_id`) VALUES ('177', '37');
INSERT INTO `users_communities` (`user_id`, `community_id`) VALUES ('177', '84');
INSERT INTO `users_communities` (`user_id`, `community_id`) VALUES ('181', '38');
INSERT INTO `users_communities` (`user_id`, `community_id`) VALUES ('181', '85');
INSERT INTO `users_communities` (`user_id`, `community_id`) VALUES ('183', '39');
INSERT INTO `users_communities` (`user_id`, `community_id`) VALUES ('183', '86');
INSERT INTO `users_communities` (`user_id`, `community_id`) VALUES ('184', '40');
INSERT INTO `users_communities` (`user_id`, `community_id`) VALUES ('184', '87');
INSERT INTO `users_communities` (`user_id`, `community_id`) VALUES ('187', '41');
INSERT INTO `users_communities` (`user_id`, `community_id`) VALUES ('187', '88');
INSERT INTO `users_communities` (`user_id`, `community_id`) VALUES ('191', '42');
INSERT INTO `users_communities` (`user_id`, `community_id`) VALUES ('191', '89');
INSERT INTO `users_communities` (`user_id`, `community_id`) VALUES ('192', '43');
INSERT INTO `users_communities` (`user_id`, `community_id`) VALUES ('192', '90');
INSERT INTO `users_communities` (`user_id`, `community_id`) VALUES ('194', '44');
INSERT INTO `users_communities` (`user_id`, `community_id`) VALUES ('194', '91');
INSERT INTO `users_communities` (`user_id`, `community_id`) VALUES ('197', '45');
INSERT INTO `users_communities` (`user_id`, `community_id`) VALUES ('197', '92');
INSERT INTO `users_communities` (`user_id`, `community_id`) VALUES ('198', '46');
INSERT INTO `users_communities` (`user_id`, `community_id`) VALUES ('198', '93');
INSERT INTO `users_communities` (`user_id`, `community_id`) VALUES ('199', '47');
INSERT INTO `users_communities` (`user_id`, `community_id`) VALUES ('199', '94');

/*
** TABLE DATA FOR: `media_types`
*/

INSERT INTO `media_types` (`id`, `name`, `created_at`, `updated_at`) VALUES ('1', 'suscipit', '1976-04-25 19:22:52', '1979-03-02 04:06:49');
INSERT INTO `media_types` (`id`, `name`, `created_at`, `updated_at`) VALUES ('2', 'tempora', '2010-08-08 18:24:51', '1986-12-24 08:30:31');
INSERT INTO `media_types` (`id`, `name`, `created_at`, `updated_at`) VALUES ('3', 'ipsam', '2011-05-18 16:31:42', '1985-06-05 21:21:09');
INSERT INTO `media_types` (`id`, `name`, `created_at`, `updated_at`) VALUES ('4', 'quo', '1991-08-30 19:01:52', '2014-09-21 21:05:10');

/*
** TABLE DATA FOR: `media`
*/

INSERT INTO `media` (`id`, `media_type_id`, `user_id`, `body`, `filename`, `size`, `metadata`, `created_at`, `updated_at`) VALUES ('1', '1', '101', 'Dignissimos nesciunt id dolor et tenetur sed. Tempore laborum quae fuga quos. Repellat aperiam doloribus quis porro suscipit sint quis. Sed laboriosam repellendus ut.', 'quibusdam', 54, NULL, '1983-09-08 10:26:35', '1993-03-16 02:48:01');
INSERT INTO `media` (`id`, `media_type_id`, `user_id`, `body`, `filename`, `size`, `metadata`, `created_at`, `updated_at`) VALUES ('2', '2', '102', 'Sint commodi suscipit eligendi sapiente eaque. Modi labore magni est repudiandae et.', 'reprehenderit', 3512228, NULL, '1977-10-29 05:38:27', '2012-03-18 19:44:09');
INSERT INTO `media` (`id`, `media_type_id`, `user_id`, `body`, `filename`, `size`, `metadata`, `created_at`, `updated_at`) VALUES ('3', '3', '103', 'Et voluptatem non consectetur hic enim. Consequatur aut temporibus impedit sint deleniti ex. Molestias ut cum laudantium error alias et.', 'ea', 20982, NULL, '1996-10-02 02:55:05', '1998-11-12 17:53:03');
INSERT INTO `media` (`id`, `media_type_id`, `user_id`, `body`, `filename`, `size`, `metadata`, `created_at`, `updated_at`) VALUES ('4', '4', '104', 'Voluptas autem sed deserunt. Dolorem est omnis ducimus alias. Quis est sapiente aperiam aut eum dolore.', 'et', 407831192, NULL, '2016-02-11 22:46:03', '2012-08-15 13:25:48');
INSERT INTO `media` (`id`, `media_type_id`, `user_id`, `body`, `filename`, `size`, `metadata`, `created_at`, `updated_at`) VALUES ('5', '1', '105', 'Nisi beatae unde voluptatem excepturi aut at maiores. Pariatur provident ratione aspernatur. Nemo autem totam recusandae et asperiores quo iure aliquid.', 'modi', 30, NULL, '1976-12-09 09:43:51', '1978-09-03 06:57:51');
INSERT INTO `media` (`id`, `media_type_id`, `user_id`, `body`, `filename`, `size`, `metadata`, `created_at`, `updated_at`) VALUES ('6', '2', '106', 'Aspernatur sint a quod aliquam. Recusandae reprehenderit maiores odit debitis. Et voluptates inventore et aliquid id illo est perspiciatis. Quae alias delectus iusto quibusdam atque reiciendis tempora deleniti.', 'repellat', 2447954, NULL, '2000-08-25 02:23:34', '1976-10-22 21:05:46');
INSERT INTO `media` (`id`, `media_type_id`, `user_id`, `body`, `filename`, `size`, `metadata`, `created_at`, `updated_at`) VALUES ('7', '3', '107', 'Laboriosam sint molestiae sint aliquid dolorem molestias ut. Qui ex veniam fugiat ut veniam. Et minima ut et hic eos.', 'ut', 6314426, NULL, '1974-12-01 11:55:20', '1988-05-30 10:56:10');
INSERT INTO `media` (`id`, `media_type_id`, `user_id`, `body`, `filename`, `size`, `metadata`, `created_at`, `updated_at`) VALUES ('8', '4', '112', 'Nihil consequatur rerum sint commodi reiciendis aut. Voluptatem consequatur suscipit corporis voluptas id sit accusamus. Minus voluptatem aliquid ipsam quis.', 'quam', 1551, NULL, '2002-09-28 15:47:12', '1987-07-16 14:00:50');
INSERT INTO `media` (`id`, `media_type_id`, `user_id`, `body`, `filename`, `size`, `metadata`, `created_at`, `updated_at`) VALUES ('9', '1', '114', 'Voluptate facilis ab rerum aut ullam dolorem omnis. Animi mollitia id distinctio suscipit. Enim pariatur dolore cupiditate et cupiditate.', 'voluptas', 660, NULL, '1984-01-11 19:12:36', '2010-01-16 08:23:21');
INSERT INTO `media` (`id`, `media_type_id`, `user_id`, `body`, `filename`, `size`, `metadata`, `created_at`, `updated_at`) VALUES ('10', '2', '117', 'Quidem placeat dolores sunt accusantium et dolore. Ut id voluptatem minima dolorem quidem tempore architecto. Voluptas velit incidunt eveniet est amet odit voluptatem consequatur. Amet expedita adipisci ipsa quae est.', 'ducimus', 0, NULL, '1989-10-25 12:04:43', '1997-06-25 06:07:21');
INSERT INTO `media` (`id`, `media_type_id`, `user_id`, `body`, `filename`, `size`, `metadata`, `created_at`, `updated_at`) VALUES ('11', '3', '121', 'Reiciendis id id ex expedita atque qui sit. Omnis accusamus quaerat fugit sed tenetur dolorum. Distinctio iusto ut quaerat facilis voluptas quos.', 'esse', 383686, NULL, '2001-12-15 11:25:15', '1985-05-25 20:15:27');
INSERT INTO `media` (`id`, `media_type_id`, `user_id`, `body`, `filename`, `size`, `metadata`, `created_at`, `updated_at`) VALUES ('12', '4', '124', 'Et at qui et animi consequuntur facere. Quo eum harum est est dolor perferendis doloribus. Similique laudantium architecto quod dolorem fugiat accusamus nostrum culpa. Dolore asperiores deserunt commodi sunt. Placeat distinctio quaerat ut ut.', 'eligendi', 6474374, NULL, '1992-01-25 13:55:36', '1990-03-30 07:05:47');
INSERT INTO `media` (`id`, `media_type_id`, `user_id`, `body`, `filename`, `size`, `metadata`, `created_at`, `updated_at`) VALUES ('13', '1', '126', 'Nobis a pariatur vel odio. Facilis est optio est libero nulla sunt adipisci. Aliquam vero dignissimos quia expedita.', 'ullam', 51, NULL, '1970-07-12 19:59:48', '1989-06-06 08:08:05');
INSERT INTO `media` (`id`, `media_type_id`, `user_id`, `body`, `filename`, `size`, `metadata`, `created_at`, `updated_at`) VALUES ('14', '2', '127', 'Sint maiores aut occaecati sint possimus nisi. Voluptas similique maiores amet quia ut numquam dolores. Temporibus molestias voluptates velit eius reiciendis necessitatibus velit. Autem vel molestias tenetur nesciunt voluptates architecto laborum.', 'sint', 968034, NULL, '1993-06-16 08:59:35', '1978-07-09 05:07:39');
INSERT INTO `media` (`id`, `media_type_id`, `user_id`, `body`, `filename`, `size`, `metadata`, `created_at`, `updated_at`) VALUES ('15', '3', '130', 'Autem in enim labore consequatur corporis ratione. Odit inventore ex aut qui sunt at officia autem. Quia quod asperiores voluptatum non ut.', 'ipsam', 901530948, NULL, '1983-07-17 17:57:28', '1992-12-01 13:26:45');
INSERT INTO `media` (`id`, `media_type_id`, `user_id`, `body`, `filename`, `size`, `metadata`, `created_at`, `updated_at`) VALUES ('16', '4', '131', 'Quia facere et iure aut. Modi repudiandae omnis voluptatum et quo voluptas. Rerum eius reprehenderit aut quae eaque vero sequi. Quibusdam impedit tempora enim consequuntur et aut illum enim.', 'praesentium', 0, NULL, '1989-09-29 04:28:03', '1971-03-24 07:39:41');
INSERT INTO `media` (`id`, `media_type_id`, `user_id`, `body`, `filename`, `size`, `metadata`, `created_at`, `updated_at`) VALUES ('17', '1', '132', 'Quis corporis omnis ea consequatur repudiandae ad. Optio rerum vitae ut veritatis laboriosam reprehenderit. Facere est molestias blanditiis quod assumenda in. Est corrupti velit consequuntur itaque distinctio iste animi.', 'occaecati', 50600114, NULL, '2011-01-26 21:51:04', '1998-10-05 05:53:40');
INSERT INTO `media` (`id`, `media_type_id`, `user_id`, `body`, `filename`, `size`, `metadata`, `created_at`, `updated_at`) VALUES ('18', '2', '134', 'Qui natus quia commodi id consequatur. Enim numquam molestiae praesentium quia quisquam incidunt. Aut et unde qui officia autem. Distinctio omnis assumenda earum molestiae consectetur.', 'sapiente', 13517039, NULL, '2003-11-24 04:09:07', '1983-01-04 00:59:01');
INSERT INTO `media` (`id`, `media_type_id`, `user_id`, `body`, `filename`, `size`, `metadata`, `created_at`, `updated_at`) VALUES ('19', '3', '135', 'Et sit ipsum vel. Perferendis doloribus est voluptas reiciendis quia excepturi aliquam.', 'sed', 113098221, NULL, '2002-01-04 22:46:54', '1987-10-02 09:13:36');
INSERT INTO `media` (`id`, `media_type_id`, `user_id`, `body`, `filename`, `size`, `metadata`, `created_at`, `updated_at`) VALUES ('20', '4', '138', 'Sed possimus dolorum ut dignissimos. Enim quaerat modi aperiam aut ut molestiae.', 'et', 5409, NULL, '2005-06-21 15:32:59', '2007-09-07 17:27:03');
INSERT INTO `media` (`id`, `media_type_id`, `user_id`, `body`, `filename`, `size`, `metadata`, `created_at`, `updated_at`) VALUES ('21', '1', '139', 'A sapiente quia et quidem quibusdam minima et. Quidem deserunt dicta dolor ea sed voluptate sapiente. Architecto velit qui sed optio delectus quia. Sed incidunt numquam nihil recusandae ad.', 'repellat', 245714944, NULL, '2016-05-14 00:40:00', '1984-10-20 21:46:21');
INSERT INTO `media` (`id`, `media_type_id`, `user_id`, `body`, `filename`, `size`, `metadata`, `created_at`, `updated_at`) VALUES ('22', '2', '142', 'Nihil quis consectetur consequatur quam dolores suscipit fugit. Enim ipsam ad facilis hic aliquid vero. Est eaque cupiditate totam animi laudantium. Numquam placeat sit similique harum quia rerum.', 'aut', 68609827, NULL, '2012-05-23 02:25:40', '1983-12-30 22:18:04');
INSERT INTO `media` (`id`, `media_type_id`, `user_id`, `body`, `filename`, `size`, `metadata`, `created_at`, `updated_at`) VALUES ('23', '3', '144', 'Ipsam dolor quas corrupti. Delectus qui maiores minima fugiat. Magni et quis quae autem. Iure aut minima voluptatem consequuntur illum unde.', 'eos', 64, NULL, '1994-11-05 05:39:25', '1994-07-16 14:17:45');
INSERT INTO `media` (`id`, `media_type_id`, `user_id`, `body`, `filename`, `size`, `metadata`, `created_at`, `updated_at`) VALUES ('24', '4', '145', 'Molestias alias quaerat nostrum suscipit accusamus quod. Iste quos asperiores voluptatem est voluptas ea inventore. Ut nihil omnis fuga distinctio nisi praesentium aut. Similique eius et est rerum odit sed ut reprehenderit. Ipsa non minus sit non nisi id magnam.', 'aut', 3, NULL, '2011-10-20 10:35:30', '1983-09-27 07:36:27');
INSERT INTO `media` (`id`, `media_type_id`, `user_id`, `body`, `filename`, `size`, `metadata`, `created_at`, `updated_at`) VALUES ('25', '1', '146', 'Rerum voluptas dolorem repellat alias rerum deserunt voluptatem. Et unde asperiores sunt velit aperiam mollitia voluptatem. Totam facere alias sed ratione adipisci. Consectetur dicta illum quis.', 'veniam', 6, NULL, '1982-12-26 18:01:39', '1971-09-19 08:23:46');
INSERT INTO `media` (`id`, `media_type_id`, `user_id`, `body`, `filename`, `size`, `metadata`, `created_at`, `updated_at`) VALUES ('26', '2', '149', 'Aut at ut et possimus et rem molestias. Et ad recusandae sapiente sapiente sit quia hic. Incidunt vel vel et excepturi quaerat repellat.', 'quibusdam', 21883, NULL, '1985-03-17 17:40:31', '1983-07-26 23:48:26');
INSERT INTO `media` (`id`, `media_type_id`, `user_id`, `body`, `filename`, `size`, `metadata`, `created_at`, `updated_at`) VALUES ('27', '3', '150', 'Cupiditate tempora sint est. Sunt omnis error tempore. Dignissimos iste similique quibusdam consequatur voluptatem sed minima. Quia quo voluptatem quaerat consequatur consequatur facilis. Nulla qui est provident et dignissimos est.', 'accusamus', 7415863, NULL, '1983-08-14 00:11:37', '2005-05-14 05:14:37');
INSERT INTO `media` (`id`, `media_type_id`, `user_id`, `body`, `filename`, `size`, `metadata`, `created_at`, `updated_at`) VALUES ('28', '4', '153', 'Perferendis consequatur molestiae ad maxime voluptatem. Occaecati sint excepturi assumenda quis sit ut sint. Ab cumque quam nam aut qui. Libero sed ipsum sint velit ex et.', 'nihil', 65038742, NULL, '1992-10-21 20:50:09', '1973-10-24 18:01:36');
INSERT INTO `media` (`id`, `media_type_id`, `user_id`, `body`, `filename`, `size`, `metadata`, `created_at`, `updated_at`) VALUES ('29', '1', '154', 'Laboriosam temporibus corporis nobis beatae. Dolorum et voluptatum est consequatur sequi qui impedit. Et voluptatem voluptas temporibus consequatur minima voluptatum.', 'eum', 759, NULL, '1970-07-04 12:01:29', '2008-01-30 01:43:55');
INSERT INTO `media` (`id`, `media_type_id`, `user_id`, `body`, `filename`, `size`, `metadata`, `created_at`, `updated_at`) VALUES ('30', '2', '157', 'Nemo odio itaque animi et. Fuga quasi ipsa ullam non doloremque. Vitae quia porro numquam debitis facere exercitationem. Adipisci quia voluptate ut repellendus reiciendis dolor enim.', 'itaque', 8, NULL, '2011-12-19 18:50:44', '1988-12-18 06:07:06');
INSERT INTO `media` (`id`, `media_type_id`, `user_id`, `body`, `filename`, `size`, `metadata`, `created_at`, `updated_at`) VALUES ('31', '3', '160', 'Recusandae voluptas ad harum nihil. Officiis ipsum architecto eligendi placeat ea temporibus iste velit. Praesentium ducimus nihil iste magni esse ipsum. Recusandae libero est in sed deserunt. Quaerat at et quia sapiente aliquid iure voluptas.', 'molestiae', 0, NULL, '2009-12-21 15:13:07', '2016-06-11 23:42:20');
INSERT INTO `media` (`id`, `media_type_id`, `user_id`, `body`, `filename`, `size`, `metadata`, `created_at`, `updated_at`) VALUES ('32', '4', '166', 'Accusantium reiciendis et consequuntur voluptatum quas asperiores est nostrum. Odit quo possimus reiciendis omnis ut velit ut libero. Tempore quia facere rerum et.', 'voluptatibus', 94331306, NULL, '2007-11-15 23:44:59', '2003-05-26 06:28:07');
INSERT INTO `media` (`id`, `media_type_id`, `user_id`, `body`, `filename`, `size`, `metadata`, `created_at`, `updated_at`) VALUES ('33', '1', '168', 'Reiciendis explicabo error iste eaque. Aliquid omnis ut saepe. Ut dolor tenetur laboriosam velit sed omnis. Voluptas iste odio sint consequuntur ipsam aut.', 'doloribus', 9395681, NULL, '2017-05-16 08:50:10', '1999-03-05 06:19:11');
INSERT INTO `media` (`id`, `media_type_id`, `user_id`, `body`, `filename`, `size`, `metadata`, `created_at`, `updated_at`) VALUES ('34', '2', '170', 'Fugiat et et occaecati error. Voluptatem sed voluptatem magni nulla. Harum quae voluptatum officiis corporis aut soluta repudiandae. Officiis deleniti quibusdam culpa voluptas sapiente odio similique laborum.', 'suscipit', 0, NULL, '1983-08-06 21:07:29', '1971-06-12 13:11:59');
INSERT INTO `media` (`id`, `media_type_id`, `user_id`, `body`, `filename`, `size`, `metadata`, `created_at`, `updated_at`) VALUES ('35', '3', '171', 'Harum sunt aut quia dicta. Reiciendis debitis in deserunt tempora quaerat. Ab quas eos delectus voluptatum adipisci aliquam corrupti blanditiis. Est fugit natus quo eius enim omnis itaque.', 'aperiam', 353379014, NULL, '1991-08-16 23:37:59', '1981-03-13 06:05:36');
INSERT INTO `media` (`id`, `media_type_id`, `user_id`, `body`, `filename`, `size`, `metadata`, `created_at`, `updated_at`) VALUES ('36', '4', '172', 'Voluptatem at ipsam beatae et sed facilis. Aliquam minus deleniti dignissimos voluptate officia tempora fugiat fugiat. Delectus et officia adipisci aliquam iure maxime modi quis. Minima asperiores et repellat omnis.', 'et', 36749869, NULL, '2003-07-14 15:59:25', '1985-05-30 01:54:56');
INSERT INTO `media` (`id`, `media_type_id`, `user_id`, `body`, `filename`, `size`, `metadata`, `created_at`, `updated_at`) VALUES ('37', '1', '177', 'Commodi saepe voluptas quos enim quia. Quos explicabo repellat illum enim nemo ab. Debitis et qui reprehenderit consequatur expedita id vitae. Fugit ut iste nostrum non voluptatem.', 'blanditiis', 0, NULL, '1997-07-25 04:54:46', '1979-01-11 15:36:11');
INSERT INTO `media` (`id`, `media_type_id`, `user_id`, `body`, `filename`, `size`, `metadata`, `created_at`, `updated_at`) VALUES ('38', '2', '181', 'Sapiente consequatur non laborum beatae sapiente expedita. Unde debitis dolorem sunt quo commodi id. Eligendi cum voluptate neque. Illo iusto et culpa ad quae esse.', 'provident', 1, NULL, '1993-10-28 09:34:22', '2016-01-27 08:10:55');
INSERT INTO `media` (`id`, `media_type_id`, `user_id`, `body`, `filename`, `size`, `metadata`, `created_at`, `updated_at`) VALUES ('39', '3', '183', 'Qui corporis perspiciatis quia id et nesciunt expedita. Cumque et eos dolore distinctio itaque. Corrupti autem debitis qui rerum totam fugit.', 'officia', 987, NULL, '2003-11-22 01:44:44', '1982-08-18 04:32:55');
INSERT INTO `media` (`id`, `media_type_id`, `user_id`, `body`, `filename`, `size`, `metadata`, `created_at`, `updated_at`) VALUES ('40', '4', '184', 'Sint quam eos voluptatem qui ratione non. Quibusdam delectus distinctio rerum est non. Error accusamus nesciunt nihil harum.', 'impedit', 934, NULL, '2018-11-10 00:54:14', '2000-10-26 01:30:39');
INSERT INTO `media` (`id`, `media_type_id`, `user_id`, `body`, `filename`, `size`, `metadata`, `created_at`, `updated_at`) VALUES ('41', '1', '187', 'Aliquid quae inventore consectetur accusantium. Vero non tempora doloremque. Quaerat dolor quibusdam non ut est.', 'hic', 0, NULL, '1997-01-20 06:23:26', '2014-08-21 08:57:30');
INSERT INTO `media` (`id`, `media_type_id`, `user_id`, `body`, `filename`, `size`, `metadata`, `created_at`, `updated_at`) VALUES ('42', '2', '191', 'Ipsum odio optio vel impedit accusamus totam. Dolorem omnis quaerat totam neque. Id qui expedita et sint sed. Quo similique voluptatem sit numquam quis aspernatur.', 'quia', 50785, NULL, '2000-03-18 12:14:32', '1983-04-16 17:03:36');
INSERT INTO `media` (`id`, `media_type_id`, `user_id`, `body`, `filename`, `size`, `metadata`, `created_at`, `updated_at`) VALUES ('43', '3', '192', 'Qui illum dolorem quia enim. Rerum doloremque unde sit rerum quibusdam consequatur excepturi. Nisi ea modi et reiciendis et.', 'ut', 29, NULL, '2008-10-14 23:03:33', '1976-09-04 03:47:32');
INSERT INTO `media` (`id`, `media_type_id`, `user_id`, `body`, `filename`, `size`, `metadata`, `created_at`, `updated_at`) VALUES ('44', '4', '194', 'Eveniet rerum aut cupiditate voluptate debitis doloremque quibusdam. Aut facere exercitationem omnis quis consequatur ab. Natus consequatur numquam temporibus ipsa aspernatur non.', 'voluptate', 451725, NULL, '1984-10-30 07:39:02', '2019-04-07 04:12:16');
INSERT INTO `media` (`id`, `media_type_id`, `user_id`, `body`, `filename`, `size`, `metadata`, `created_at`, `updated_at`) VALUES ('45', '1', '197', 'Sit nulla est dolorem reiciendis. Magnam repellat ad repellendus voluptatibus ea. Velit quae est voluptas. Itaque porro ex sint est aspernatur temporibus quae.', 'accusantium', 0, NULL, '2013-03-31 09:39:34', '2008-02-15 14:26:29');
INSERT INTO `media` (`id`, `media_type_id`, `user_id`, `body`, `filename`, `size`, `metadata`, `created_at`, `updated_at`) VALUES ('46', '2', '198', 'Rerum quo eum vel consequatur eligendi. Reiciendis ut nihil nam temporibus voluptatem libero magnam. Quo nostrum natus doloremque rerum eveniet atque. Qui vel dicta aspernatur minus quo repudiandae animi. Eaque est id nemo animi vitae et.', 'et', 602959446, NULL, '2008-03-27 16:33:11', '1977-12-22 03:53:09');
INSERT INTO `media` (`id`, `media_type_id`, `user_id`, `body`, `filename`, `size`, `metadata`, `created_at`, `updated_at`) VALUES ('47', '3', '199', 'Qui id inventore placeat eligendi iure. Sint ducimus adipisci laboriosam occaecati vero. Velit aliquid optio ut a deleniti numquam corrupti laudantium. Ea fugiat enim libero aut eligendi. Nisi deleniti occaecati quod eum delectus.', 'sunt', 48, NULL, '1984-01-22 10:03:57', '1983-02-11 06:24:34');
INSERT INTO `media` (`id`, `media_type_id`, `user_id`, `body`, `filename`, `size`, `metadata`, `created_at`, `updated_at`) VALUES ('48', '4', '101', 'Sunt maiores molestiae molestias tempore rerum in voluptates. Totam porro numquam harum sed veniam. Reprehenderit sit illo voluptas id. Reprehenderit explicabo aliquid repudiandae vitae. Ut vel quas ipsum minus libero laboriosam voluptatem.', 'est', 52160, NULL, '1979-03-13 05:05:59', '1984-01-24 01:34:27');
INSERT INTO `media` (`id`, `media_type_id`, `user_id`, `body`, `filename`, `size`, `metadata`, `created_at`, `updated_at`) VALUES ('49', '1', '102', 'Ab fugit et illo dolorum reiciendis ducimus. Rerum est qui earum corrupti sunt. Consequatur minus totam quae illo optio. Maiores rerum amet natus quam quod hic qui earum.', 'iure', 43534527, NULL, '1972-05-13 00:06:31', '1977-11-01 12:21:37');
INSERT INTO `media` (`id`, `media_type_id`, `user_id`, `body`, `filename`, `size`, `metadata`, `created_at`, `updated_at`) VALUES ('50', '2', '103', 'Quo eius fugiat dolore reiciendis. Ut est ab sint vero.', 'ad', 8659748, NULL, '1971-07-16 04:43:14', '1970-05-09 13:05:40');
INSERT INTO `media` (`id`, `media_type_id`, `user_id`, `body`, `filename`, `size`, `metadata`, `created_at`, `updated_at`) VALUES ('51', '3', '104', 'Reprehenderit culpa id et eum aut est. At suscipit id quia quia est. Eaque perferendis quibusdam cupiditate id qui et ut non. Hic voluptates quis officia qui voluptas ipsam.', 'nostrum', 77018, NULL, '1972-09-04 06:32:21', '1992-03-29 08:44:43');
INSERT INTO `media` (`id`, `media_type_id`, `user_id`, `body`, `filename`, `size`, `metadata`, `created_at`, `updated_at`) VALUES ('52', '4', '105', 'Nobis expedita sapiente totam sint qui qui. Officiis quia dolores saepe voluptas. Quis molestias aspernatur et sapiente aut.', 'quas', 84398, NULL, '2011-01-28 21:53:57', '1975-01-18 11:35:03');
INSERT INTO `media` (`id`, `media_type_id`, `user_id`, `body`, `filename`, `size`, `metadata`, `created_at`, `updated_at`) VALUES ('53', '1', '106', 'Magni saepe iusto voluptas repellendus debitis quasi est. Est laboriosam voluptas voluptas non ut repellendus. Vero minima occaecati sint nemo sit.', 'qui', 513798761, NULL, '1984-06-28 14:27:57', '2006-07-25 20:18:55');
INSERT INTO `media` (`id`, `media_type_id`, `user_id`, `body`, `filename`, `size`, `metadata`, `created_at`, `updated_at`) VALUES ('54', '2', '107', 'Cumque pariatur fuga repellendus sit error reiciendis non sunt. Adipisci cum nostrum autem corrupti est et. Nihil aut soluta aliquam et. Omnis enim laboriosam illum placeat iusto est asperiores.', 'eveniet', 0, NULL, '2014-02-19 14:18:32', '1991-01-11 17:35:54');
INSERT INTO `media` (`id`, `media_type_id`, `user_id`, `body`, `filename`, `size`, `metadata`, `created_at`, `updated_at`) VALUES ('55', '3', '112', 'Sequi rerum qui quos velit necessitatibus. Nobis qui et tenetur vel quo.', 'libero', 191, NULL, '2004-09-07 02:08:23', '2008-05-31 20:30:14');
INSERT INTO `media` (`id`, `media_type_id`, `user_id`, `body`, `filename`, `size`, `metadata`, `created_at`, `updated_at`) VALUES ('56', '4', '114', 'Numquam quae eos architecto maxime. Modi incidunt doloremque est eius consequatur. Suscipit dicta voluptatem sequi quo quaerat cum mollitia rerum.', 'quam', 27213439, NULL, '1992-05-25 14:35:48', '2018-07-19 16:18:22');
INSERT INTO `media` (`id`, `media_type_id`, `user_id`, `body`, `filename`, `size`, `metadata`, `created_at`, `updated_at`) VALUES ('57', '1', '117', 'Quia et unde porro eaque et quibusdam voluptatibus. Quasi est velit dolores voluptas porro totam quisquam. Nesciunt reprehenderit incidunt repellat repudiandae ratione perferendis ipsum. Repellendus consequatur in rem quia ipsa quae.', 'velit', 591706, NULL, '1982-08-13 07:24:10', '2011-09-07 20:30:09');
INSERT INTO `media` (`id`, `media_type_id`, `user_id`, `body`, `filename`, `size`, `metadata`, `created_at`, `updated_at`) VALUES ('58', '2', '121', 'Expedita nihil et eligendi dicta velit eum porro. Nisi officia molestias modi doloribus. Ad sapiente nam placeat molestiae iste blanditiis et. Blanditiis enim molestias voluptatem aut voluptate et necessitatibus.', 'nesciunt', 8448, NULL, '1981-10-16 15:55:09', '1976-05-04 23:07:29');
INSERT INTO `media` (`id`, `media_type_id`, `user_id`, `body`, `filename`, `size`, `metadata`, `created_at`, `updated_at`) VALUES ('59', '3', '124', 'Tempore qui officiis et labore pariatur eum. Eveniet delectus similique voluptatem officia ad unde explicabo corrupti. Illo a dolor libero fugit. Nisi sequi ullam veniam officiis.', 'dolorem', 490, NULL, '2000-12-19 01:49:25', '1971-06-28 05:41:20');
INSERT INTO `media` (`id`, `media_type_id`, `user_id`, `body`, `filename`, `size`, `metadata`, `created_at`, `updated_at`) VALUES ('60', '4', '126', 'Voluptatem enim quas officia qui. Non earum optio ut veniam. Rerum ullam qui modi sunt et molestiae molestiae. Aliquam corporis quasi iure excepturi cum sunt asperiores.', 'quibusdam', 8733, NULL, '2018-07-18 17:55:09', '1971-08-15 19:09:29');
INSERT INTO `media` (`id`, `media_type_id`, `user_id`, `body`, `filename`, `size`, `metadata`, `created_at`, `updated_at`) VALUES ('61', '1', '127', 'Doloremque unde adipisci nihil quidem. Sunt deleniti non beatae eaque necessitatibus numquam. Error et quis accusantium qui quia.', 'nam', 7085, NULL, '2018-08-29 11:07:43', '1978-11-24 18:19:06');
INSERT INTO `media` (`id`, `media_type_id`, `user_id`, `body`, `filename`, `size`, `metadata`, `created_at`, `updated_at`) VALUES ('62', '2', '130', 'Amet aperiam accusantium tenetur consequatur est aliquid. Nam distinctio est cumque ab aut. Distinctio aut nemo est animi sint.', 'quia', 826984058, NULL, '1989-03-14 00:57:06', '2014-07-19 13:25:08');
INSERT INTO `media` (`id`, `media_type_id`, `user_id`, `body`, `filename`, `size`, `metadata`, `created_at`, `updated_at`) VALUES ('63', '3', '131', 'Aut cupiditate dolorum ut qui illo molestiae eos. Rem non minus illum nesciunt. Ratione rem magnam voluptatem soluta.', 'tenetur', 805, NULL, '2006-05-23 07:54:19', '1976-10-10 21:43:27');
INSERT INTO `media` (`id`, `media_type_id`, `user_id`, `body`, `filename`, `size`, `metadata`, `created_at`, `updated_at`) VALUES ('64', '4', '132', 'Perspiciatis maiores voluptatem neque deleniti odio accusantium inventore. Quaerat enim est dicta sit possimus est. Iste dolor adipisci soluta sint temporibus. Quis error illo amet dolore voluptatem ratione asperiores.', 'voluptatem', 650, NULL, '2009-01-29 01:28:49', '2009-10-11 00:49:47');
INSERT INTO `media` (`id`, `media_type_id`, `user_id`, `body`, `filename`, `size`, `metadata`, `created_at`, `updated_at`) VALUES ('65', '1', '134', 'Repellat quia quisquam commodi dolores. Sit et quod fugiat omnis commodi quia et. Autem occaecati harum quos dolor cupiditate. Molestiae laborum labore laudantium fuga nihil repellat facere.', 'dolores', 461, NULL, '1997-08-28 11:56:07', '1983-09-10 20:46:24');
INSERT INTO `media` (`id`, `media_type_id`, `user_id`, `body`, `filename`, `size`, `metadata`, `created_at`, `updated_at`) VALUES ('66', '2', '135', 'Eos explicabo sed ullam temporibus voluptatem inventore et laboriosam. Eos labore animi omnis. Eos labore hic qui natus aut exercitationem. Voluptatem tempora aliquid error facere distinctio asperiores quod.', 'exercitationem', 4, NULL, '1970-05-18 23:55:30', '1970-04-12 19:44:08');
INSERT INTO `media` (`id`, `media_type_id`, `user_id`, `body`, `filename`, `size`, `metadata`, `created_at`, `updated_at`) VALUES ('67', '3', '138', 'Hic in sed praesentium minima non. Voluptatem temporibus laborum possimus maxime accusantium fugit. Reprehenderit est eos cupiditate.', 'eum', 0, NULL, '1983-01-17 22:19:30', '1988-12-04 09:50:35');
INSERT INTO `media` (`id`, `media_type_id`, `user_id`, `body`, `filename`, `size`, `metadata`, `created_at`, `updated_at`) VALUES ('68', '4', '139', 'Odit eos quam voluptatem quas neque ut. Nisi laboriosam ut deserunt iste vel. Voluptatibus aliquid est sunt occaecati.', 'sed', 235097, NULL, '1980-04-17 16:35:53', '1998-09-25 00:35:22');
INSERT INTO `media` (`id`, `media_type_id`, `user_id`, `body`, `filename`, `size`, `metadata`, `created_at`, `updated_at`) VALUES ('69', '1', '142', 'Sunt alias quia in consequatur recusandae distinctio. Aut dolore maiores vel cum dolorem perferendis. Harum quibusdam sit ut. Asperiores veniam natus aut eum iure. Dolore necessitatibus sed inventore quos ullam.', 'blanditiis', 1, NULL, '2016-06-26 15:12:50', '1988-09-01 16:57:54');
INSERT INTO `media` (`id`, `media_type_id`, `user_id`, `body`, `filename`, `size`, `metadata`, `created_at`, `updated_at`) VALUES ('70', '2', '144', 'Illum aut eos praesentium voluptate rerum culpa nemo. Id quia iure excepturi et ullam quia alias. Eligendi explicabo voluptatem animi est et magnam laboriosam. Libero enim officia ut et.', 'quisquam', 18, NULL, '1989-08-23 08:22:42', '1999-04-05 06:52:48');
INSERT INTO `media` (`id`, `media_type_id`, `user_id`, `body`, `filename`, `size`, `metadata`, `created_at`, `updated_at`) VALUES ('71', '3', '145', 'Ea aut ea doloremque itaque fugiat ut qui illum. Itaque dolores recusandae tempora nobis. Quia ut veniam in vitae. Consequatur dolores repellendus nesciunt voluptas id magni.', 'et', 622084787, NULL, '1989-03-05 07:12:04', '2013-02-07 19:49:11');
INSERT INTO `media` (`id`, `media_type_id`, `user_id`, `body`, `filename`, `size`, `metadata`, `created_at`, `updated_at`) VALUES ('72', '4', '146', 'Et reprehenderit provident repellendus illum. Et ut rem odit in eveniet fugit consequuntur. Ut iure repudiandae dignissimos eaque laudantium vel.', 'dignissimos', 78310651, NULL, '1996-06-20 13:32:07', '1997-11-25 23:46:49');
INSERT INTO `media` (`id`, `media_type_id`, `user_id`, `body`, `filename`, `size`, `metadata`, `created_at`, `updated_at`) VALUES ('73', '1', '149', 'Nemo et qui dignissimos ut distinctio minus. Et iusto assumenda minima. Sequi molestias quod libero officia. Vel tenetur sequi temporibus commodi.', 'aut', 592035, NULL, '1982-09-22 06:49:21', '2013-01-07 07:40:55');
INSERT INTO `media` (`id`, `media_type_id`, `user_id`, `body`, `filename`, `size`, `metadata`, `created_at`, `updated_at`) VALUES ('74', '2', '150', 'Quidem molestiae est maxime sit sit suscipit qui. Aut veritatis deleniti sint dolorem. Rerum accusamus repudiandae aperiam ipsa sint. Quae corporis dolorem magnam.', 'explicabo', 0, NULL, '2008-12-01 16:52:01', '2013-06-20 08:42:23');
INSERT INTO `media` (`id`, `media_type_id`, `user_id`, `body`, `filename`, `size`, `metadata`, `created_at`, `updated_at`) VALUES ('75', '3', '153', 'Laudantium sit necessitatibus amet et. Quos aliquid asperiores tenetur cupiditate occaecati. Asperiores in sunt dolores dolores optio quibusdam amet.', 'ipsam', 6855039, NULL, '1983-07-06 06:27:21', '1998-06-25 23:16:40');
INSERT INTO `media` (`id`, `media_type_id`, `user_id`, `body`, `filename`, `size`, `metadata`, `created_at`, `updated_at`) VALUES ('76', '4', '154', 'Ut eveniet aut distinctio qui omnis incidunt. Et dolorem ex sed atque qui distinctio. Nam ex aliquid ducimus cumque ea velit.', 'voluptate', 1, NULL, '1991-05-23 05:55:27', '2005-03-14 00:16:04');
INSERT INTO `media` (`id`, `media_type_id`, `user_id`, `body`, `filename`, `size`, `metadata`, `created_at`, `updated_at`) VALUES ('77', '1', '157', 'Expedita aut nemo magni sit blanditiis velit qui omnis. Soluta vero dolor ut repellat quaerat iusto quasi necessitatibus. Est exercitationem reprehenderit dolor rerum ut ut corrupti.', 'vel', 735, NULL, '2015-02-15 02:20:00', '1994-08-16 17:29:08');
INSERT INTO `media` (`id`, `media_type_id`, `user_id`, `body`, `filename`, `size`, `metadata`, `created_at`, `updated_at`) VALUES ('78', '2', '160', 'Nesciunt enim eos voluptatem eaque necessitatibus earum velit. Aut neque possimus error rerum. Non aut voluptatum eius deserunt voluptates. Ut veritatis et pariatur maiores quasi reiciendis esse.', 'architecto', 4, NULL, '2017-01-10 12:34:54', '1983-04-16 23:18:47');
INSERT INTO `media` (`id`, `media_type_id`, `user_id`, `body`, `filename`, `size`, `metadata`, `created_at`, `updated_at`) VALUES ('79', '3', '166', 'Deleniti quia non rerum inventore. Id ducimus similique eum dolore repellat et nostrum quo. Est quia fugit numquam fugit et. Nihil voluptas ut quia.', 'consequatur', 542689969, NULL, '1988-04-13 06:37:33', '1997-02-23 14:43:48');
INSERT INTO `media` (`id`, `media_type_id`, `user_id`, `body`, `filename`, `size`, `metadata`, `created_at`, `updated_at`) VALUES ('80', '4', '168', 'Eligendi aliquid facere consequatur recusandae. Et adipisci quam saepe quae mollitia perspiciatis.', 'ea', 394856748, NULL, '1974-07-14 13:35:12', '1986-10-15 03:40:27');
INSERT INTO `media` (`id`, `media_type_id`, `user_id`, `body`, `filename`, `size`, `metadata`, `created_at`, `updated_at`) VALUES ('81', '1', '170', 'Minima adipisci omnis quod velit dolore dolorem omnis. At numquam incidunt totam voluptatem ratione praesentium. Fugiat excepturi nihil delectus est quas repudiandae cupiditate magnam.', 'libero', 9455, NULL, '2006-03-28 21:55:28', '1976-07-24 10:29:50');
INSERT INTO `media` (`id`, `media_type_id`, `user_id`, `body`, `filename`, `size`, `metadata`, `created_at`, `updated_at`) VALUES ('82', '2', '171', 'Qui quia perferendis excepturi saepe aut eaque reprehenderit. Aperiam ut sed minus placeat nulla mollitia cumque. Itaque maiores vel fuga eligendi.', 'provident', 0, NULL, '2017-07-19 16:45:50', '1984-12-05 18:10:06');
INSERT INTO `media` (`id`, `media_type_id`, `user_id`, `body`, `filename`, `size`, `metadata`, `created_at`, `updated_at`) VALUES ('83', '3', '172', 'Ratione quaerat minus vitae laboriosam mollitia debitis voluptatum. Numquam ut omnis quo sint aut cumque inventore repudiandae. Totam dolorem debitis sit accusamus modi quo. Sunt nam tempora alias ut eum rem ut aut.', 'sunt', 62397, NULL, '2016-01-20 20:04:43', '1986-07-23 18:44:13');
INSERT INTO `media` (`id`, `media_type_id`, `user_id`, `body`, `filename`, `size`, `metadata`, `created_at`, `updated_at`) VALUES ('84', '4', '177', 'Qui similique voluptatem facere debitis qui. Minus aut et ipsam qui dolore qui. Dicta eos numquam temporibus quae ipsam et. Qui consequatur consequuntur voluptas non quia vel odio incidunt.', 'sit', 53021783, NULL, '2006-07-18 22:48:50', '1984-09-14 18:04:48');
INSERT INTO `media` (`id`, `media_type_id`, `user_id`, `body`, `filename`, `size`, `metadata`, `created_at`, `updated_at`) VALUES ('85', '1', '181', 'Sit quisquam qui aut voluptatibus. Voluptatem provident odio sed voluptas consequuntur. Nihil autem in enim nemo quam. Repellat fugiat ipsa ut consectetur provident.', 'natus', 12, NULL, '1993-05-01 12:08:10', '2016-12-05 20:58:49');
INSERT INTO `media` (`id`, `media_type_id`, `user_id`, `body`, `filename`, `size`, `metadata`, `created_at`, `updated_at`) VALUES ('86', '2', '183', 'Dolor veritatis ut quam pariatur. Officia quos consequuntur aliquam molestiae vel. Reprehenderit aut mollitia et quidem laborum.', 'molestias', 483269, NULL, '1988-12-12 06:46:35', '1972-01-20 18:47:32');
INSERT INTO `media` (`id`, `media_type_id`, `user_id`, `body`, `filename`, `size`, `metadata`, `created_at`, `updated_at`) VALUES ('87', '3', '184', 'Qui accusamus reiciendis qui molestiae voluptatem voluptatibus suscipit. Laborum mollitia aut totam. Nobis alias odio inventore eos et.', 'qui', 0, NULL, '1997-08-29 03:51:09', '1995-11-29 10:41:05');
INSERT INTO `media` (`id`, `media_type_id`, `user_id`, `body`, `filename`, `size`, `metadata`, `created_at`, `updated_at`) VALUES ('88', '4', '187', 'Animi quibusdam dolores sed vitae. Corrupti officiis perspiciatis tempore accusamus. Ea molestiae ut sed itaque et et quod. Eveniet et sit error tenetur explicabo excepturi deserunt.', 'vel', 35437, NULL, '1977-12-16 22:02:10', '2012-07-26 21:42:40');
INSERT INTO `media` (`id`, `media_type_id`, `user_id`, `body`, `filename`, `size`, `metadata`, `created_at`, `updated_at`) VALUES ('89', '1', '191', 'Sit qui id assumenda eos. Omnis ea rem earum mollitia ut quo. Dolorum at nobis iste natus.', 'minus', 67802, NULL, '2001-02-12 21:19:09', '1977-06-21 04:43:21');
INSERT INTO `media` (`id`, `media_type_id`, `user_id`, `body`, `filename`, `size`, `metadata`, `created_at`, `updated_at`) VALUES ('90', '2', '192', 'Deserunt consequuntur sit modi nobis sed eligendi eligendi. Perspiciatis voluptate soluta sequi vel suscipit. Tenetur aut et quis voluptate repellendus placeat.', 'qui', 52741, NULL, '1993-11-25 22:57:30', '2005-11-09 06:58:59');
INSERT INTO `media` (`id`, `media_type_id`, `user_id`, `body`, `filename`, `size`, `metadata`, `created_at`, `updated_at`) VALUES ('91', '3', '194', 'Amet dolore modi voluptatem. Harum tempora odio saepe placeat. Veritatis eos placeat distinctio minima.', 'consequatur', 562, NULL, '1993-07-07 12:03:07', '1993-06-15 02:24:22');
INSERT INTO `media` (`id`, `media_type_id`, `user_id`, `body`, `filename`, `size`, `metadata`, `created_at`, `updated_at`) VALUES ('92', '4', '197', 'Neque corporis illo qui ipsam autem odio provident quaerat. Enim modi aut delectus a consectetur. Sed autem voluptatum praesentium voluptatum velit quis. Blanditiis ut rem est libero perspiciatis numquam.', 'facere', 67, NULL, '2004-08-31 14:12:10', '1987-03-12 12:27:27');
INSERT INTO `media` (`id`, `media_type_id`, `user_id`, `body`, `filename`, `size`, `metadata`, `created_at`, `updated_at`) VALUES ('93', '1', '198', 'Praesentium consectetur illo occaecati qui deserunt vel et. Repudiandae enim et quia natus ex consectetur. Ab dolore sit officia quidem sunt dolores in.', 'beatae', 463002, NULL, '1992-07-13 14:44:20', '1985-02-19 14:04:00');
INSERT INTO `media` (`id`, `media_type_id`, `user_id`, `body`, `filename`, `size`, `metadata`, `created_at`, `updated_at`) VALUES ('94', '2', '199', 'Natus non et tenetur at inventore. Facere debitis illum voluptas sint. Laboriosam ratione consequatur veritatis nam quis id. Tempora saepe dignissimos ea cumque reiciendis delectus molestiae.', 'quam', 3087, NULL, '1991-02-09 16:35:18', '1987-12-15 13:21:59');
INSERT INTO `media` (`id`, `media_type_id`, `user_id`, `body`, `filename`, `size`, `metadata`, `created_at`, `updated_at`) VALUES ('95', '3', '101', 'Voluptatum eveniet eos exercitationem cupiditate alias magni excepturi. Ad dolorem rerum autem eum quo neque sint.', 'quia', 29074299, NULL, '2014-10-26 13:05:35', '2003-01-10 04:38:12');
INSERT INTO `media` (`id`, `media_type_id`, `user_id`, `body`, `filename`, `size`, `metadata`, `created_at`, `updated_at`) VALUES ('96', '4', '102', 'Quae voluptatum qui dignissimos laudantium tempore rerum quis. Nihil itaque dolorum quae nulla sit qui. Aut debitis tempora vero voluptatum fugiat.', 'quisquam', 2356314, NULL, '1983-08-29 06:11:18', '2001-09-08 20:28:57');
INSERT INTO `media` (`id`, `media_type_id`, `user_id`, `body`, `filename`, `size`, `metadata`, `created_at`, `updated_at`) VALUES ('97', '1', '103', 'Ut fuga sunt excepturi. Aliquid doloribus ad aut enim voluptatem ipsum. Praesentium ullam adipisci debitis esse alias officia unde vitae.', 'sapiente', 138362383, NULL, '1997-09-26 10:31:04', '1983-04-02 08:23:00');
INSERT INTO `media` (`id`, `media_type_id`, `user_id`, `body`, `filename`, `size`, `metadata`, `created_at`, `updated_at`) VALUES ('98', '2', '104', 'Ut sint voluptatibus est explicabo dolores impedit nihil. Sequi et omnis nobis. Beatae temporibus quia pariatur adipisci velit quia. Omnis molestiae aut architecto impedit natus reprehenderit.', 'nisi', 172182, NULL, '2016-09-18 16:41:59', '1978-11-02 19:26:39');
INSERT INTO `media` (`id`, `media_type_id`, `user_id`, `body`, `filename`, `size`, `metadata`, `created_at`, `updated_at`) VALUES ('99', '3', '105', 'Dignissimos culpa temporibus assumenda beatae cupiditate. Sint officia odit rem est non delectus. Occaecati aliquid totam quidem quis pariatur velit.', 'blanditiis', 5794703, NULL, '2001-10-03 06:37:40', '2015-11-01 18:22:10');
INSERT INTO `media` (`id`, `media_type_id`, `user_id`, `body`, `filename`, `size`, `metadata`, `created_at`, `updated_at`) VALUES ('100', '4', '106', 'Vitae debitis at atque sit et quo id. Facere illo nesciunt ut eum. Illum consequatur ab nulla rerum esse dignissimos eaque qui.', 'omnis', 28, NULL, '1977-05-17 01:18:51', '1991-05-16 13:40:19');

/*
** TABLE DATA FOR: `photo_albums`
*/

INSERT INTO `photo_albums` (`id`, `name`, `user_id`) VALUES ('1', 'corporis', '101');
INSERT INTO `photo_albums` (`id`, `name`, `user_id`) VALUES ('2', 'sequi', '102');
INSERT INTO `photo_albums` (`id`, `name`, `user_id`) VALUES ('3', 'sit', '103');
INSERT INTO `photo_albums` (`id`, `name`, `user_id`) VALUES ('4', 'ipsa', '104');
INSERT INTO `photo_albums` (`id`, `name`, `user_id`) VALUES ('5', 'accusantium', '105');
INSERT INTO `photo_albums` (`id`, `name`, `user_id`) VALUES ('6', 'enim', '106');
INSERT INTO `photo_albums` (`id`, `name`, `user_id`) VALUES ('7', 'est', '107');
INSERT INTO `photo_albums` (`id`, `name`, `user_id`) VALUES ('8', 'et', '112');
INSERT INTO `photo_albums` (`id`, `name`, `user_id`) VALUES ('9', 'in', '114');
INSERT INTO `photo_albums` (`id`, `name`, `user_id`) VALUES ('10', 'corporis', '117');
INSERT INTO `photo_albums` (`id`, `name`, `user_id`) VALUES ('11', 'eveniet', '121');
INSERT INTO `photo_albums` (`id`, `name`, `user_id`) VALUES ('12', 'nihil', '124');
INSERT INTO `photo_albums` (`id`, `name`, `user_id`) VALUES ('13', 'asperiores', '126');
INSERT INTO `photo_albums` (`id`, `name`, `user_id`) VALUES ('14', 'vero', '127');
INSERT INTO `photo_albums` (`id`, `name`, `user_id`) VALUES ('15', 'vel', '130');
INSERT INTO `photo_albums` (`id`, `name`, `user_id`) VALUES ('16', 'repellendus', '131');
INSERT INTO `photo_albums` (`id`, `name`, `user_id`) VALUES ('17', 'blanditiis', '132');
INSERT INTO `photo_albums` (`id`, `name`, `user_id`) VALUES ('18', 'vero', '134');
INSERT INTO `photo_albums` (`id`, `name`, `user_id`) VALUES ('19', 'nemo', '135');
INSERT INTO `photo_albums` (`id`, `name`, `user_id`) VALUES ('20', 'et', '138');
INSERT INTO `photo_albums` (`id`, `name`, `user_id`) VALUES ('21', 'consectetur', '139');
INSERT INTO `photo_albums` (`id`, `name`, `user_id`) VALUES ('22', 'itaque', '142');
INSERT INTO `photo_albums` (`id`, `name`, `user_id`) VALUES ('23', 'cum', '144');
INSERT INTO `photo_albums` (`id`, `name`, `user_id`) VALUES ('24', 'aperiam', '145');
INSERT INTO `photo_albums` (`id`, `name`, `user_id`) VALUES ('25', 'sit', '146');
INSERT INTO `photo_albums` (`id`, `name`, `user_id`) VALUES ('26', 'quaerat', '149');
INSERT INTO `photo_albums` (`id`, `name`, `user_id`) VALUES ('27', 'eum', '150');
INSERT INTO `photo_albums` (`id`, `name`, `user_id`) VALUES ('28', 'expedita', '153');
INSERT INTO `photo_albums` (`id`, `name`, `user_id`) VALUES ('29', 'dignissimos', '154');
INSERT INTO `photo_albums` (`id`, `name`, `user_id`) VALUES ('30', 'sed', '157');
INSERT INTO `photo_albums` (`id`, `name`, `user_id`) VALUES ('31', 'soluta', '160');
INSERT INTO `photo_albums` (`id`, `name`, `user_id`) VALUES ('32', 'fuga', '166');
INSERT INTO `photo_albums` (`id`, `name`, `user_id`) VALUES ('33', 'beatae', '168');
INSERT INTO `photo_albums` (`id`, `name`, `user_id`) VALUES ('34', 'voluptates', '170');
INSERT INTO `photo_albums` (`id`, `name`, `user_id`) VALUES ('35', 'quia', '171');
INSERT INTO `photo_albums` (`id`, `name`, `user_id`) VALUES ('36', 'itaque', '172');
INSERT INTO `photo_albums` (`id`, `name`, `user_id`) VALUES ('37', 'nihil', '177');
INSERT INTO `photo_albums` (`id`, `name`, `user_id`) VALUES ('38', 'odio', '181');
INSERT INTO `photo_albums` (`id`, `name`, `user_id`) VALUES ('39', 'enim', '183');
INSERT INTO `photo_albums` (`id`, `name`, `user_id`) VALUES ('40', 'vitae', '184');
INSERT INTO `photo_albums` (`id`, `name`, `user_id`) VALUES ('41', 'veritatis', '187');
INSERT INTO `photo_albums` (`id`, `name`, `user_id`) VALUES ('42', 'dicta', '191');
INSERT INTO `photo_albums` (`id`, `name`, `user_id`) VALUES ('43', 'ratione', '192');
INSERT INTO `photo_albums` (`id`, `name`, `user_id`) VALUES ('44', 'nam', '194');
INSERT INTO `photo_albums` (`id`, `name`, `user_id`) VALUES ('45', 'aut', '197');
INSERT INTO `photo_albums` (`id`, `name`, `user_id`) VALUES ('46', 'deserunt', '198');
INSERT INTO `photo_albums` (`id`, `name`, `user_id`) VALUES ('47', 'ut', '199');
INSERT INTO `photo_albums` (`id`, `name`, `user_id`) VALUES ('48', 'distinctio', '101');
INSERT INTO `photo_albums` (`id`, `name`, `user_id`) VALUES ('49', 'facilis', '102');
INSERT INTO `photo_albums` (`id`, `name`, `user_id`) VALUES ('50', 'perferendis', '103');
INSERT INTO `photo_albums` (`id`, `name`, `user_id`) VALUES ('51', 'id', '104');
INSERT INTO `photo_albums` (`id`, `name`, `user_id`) VALUES ('52', 'enim', '105');
INSERT INTO `photo_albums` (`id`, `name`, `user_id`) VALUES ('53', 'ullam', '106');
INSERT INTO `photo_albums` (`id`, `name`, `user_id`) VALUES ('54', 'non', '107');
INSERT INTO `photo_albums` (`id`, `name`, `user_id`) VALUES ('55', 'aliquid', '112');
INSERT INTO `photo_albums` (`id`, `name`, `user_id`) VALUES ('56', 'magnam', '114');
INSERT INTO `photo_albums` (`id`, `name`, `user_id`) VALUES ('57', 'beatae', '117');
INSERT INTO `photo_albums` (`id`, `name`, `user_id`) VALUES ('58', 'in', '121');
INSERT INTO `photo_albums` (`id`, `name`, `user_id`) VALUES ('59', 'eligendi', '124');
INSERT INTO `photo_albums` (`id`, `name`, `user_id`) VALUES ('60', 'neque', '126');
INSERT INTO `photo_albums` (`id`, `name`, `user_id`) VALUES ('61', 'totam', '127');
INSERT INTO `photo_albums` (`id`, `name`, `user_id`) VALUES ('62', 'iure', '130');
INSERT INTO `photo_albums` (`id`, `name`, `user_id`) VALUES ('63', 'accusamus', '131');
INSERT INTO `photo_albums` (`id`, `name`, `user_id`) VALUES ('64', 'dolor', '132');
INSERT INTO `photo_albums` (`id`, `name`, `user_id`) VALUES ('65', 'voluptas', '134');
INSERT INTO `photo_albums` (`id`, `name`, `user_id`) VALUES ('66', 'omnis', '135');
INSERT INTO `photo_albums` (`id`, `name`, `user_id`) VALUES ('67', 'qui', '138');
INSERT INTO `photo_albums` (`id`, `name`, `user_id`) VALUES ('68', 'dolore', '139');
INSERT INTO `photo_albums` (`id`, `name`, `user_id`) VALUES ('69', 'quos', '142');
INSERT INTO `photo_albums` (`id`, `name`, `user_id`) VALUES ('70', 'ut', '144');
INSERT INTO `photo_albums` (`id`, `name`, `user_id`) VALUES ('71', 'eaque', '145');
INSERT INTO `photo_albums` (`id`, `name`, `user_id`) VALUES ('72', 'provident', '146');
INSERT INTO `photo_albums` (`id`, `name`, `user_id`) VALUES ('73', 'aut', '149');
INSERT INTO `photo_albums` (`id`, `name`, `user_id`) VALUES ('74', 'corrupti', '150');
INSERT INTO `photo_albums` (`id`, `name`, `user_id`) VALUES ('75', 'autem', '153');
INSERT INTO `photo_albums` (`id`, `name`, `user_id`) VALUES ('76', 'fuga', '154');
INSERT INTO `photo_albums` (`id`, `name`, `user_id`) VALUES ('77', 'eius', '157');
INSERT INTO `photo_albums` (`id`, `name`, `user_id`) VALUES ('78', 'cupiditate', '160');
INSERT INTO `photo_albums` (`id`, `name`, `user_id`) VALUES ('79', 'quidem', '166');
INSERT INTO `photo_albums` (`id`, `name`, `user_id`) VALUES ('80', 'natus', '168');
INSERT INTO `photo_albums` (`id`, `name`, `user_id`) VALUES ('81', 'officiis', '170');
INSERT INTO `photo_albums` (`id`, `name`, `user_id`) VALUES ('82', 'dolore', '171');
INSERT INTO `photo_albums` (`id`, `name`, `user_id`) VALUES ('83', 'cum', '172');
INSERT INTO `photo_albums` (`id`, `name`, `user_id`) VALUES ('84', 'aut', '177');
INSERT INTO `photo_albums` (`id`, `name`, `user_id`) VALUES ('85', 'quasi', '181');
INSERT INTO `photo_albums` (`id`, `name`, `user_id`) VALUES ('86', 'beatae', '183');
INSERT INTO `photo_albums` (`id`, `name`, `user_id`) VALUES ('87', 'beatae', '184');
INSERT INTO `photo_albums` (`id`, `name`, `user_id`) VALUES ('88', 'a', '187');
INSERT INTO `photo_albums` (`id`, `name`, `user_id`) VALUES ('89', 'sunt', '191');
INSERT INTO `photo_albums` (`id`, `name`, `user_id`) VALUES ('90', 'excepturi', '192');
INSERT INTO `photo_albums` (`id`, `name`, `user_id`) VALUES ('91', 'assumenda', '194');
INSERT INTO `photo_albums` (`id`, `name`, `user_id`) VALUES ('92', 'harum', '197');
INSERT INTO `photo_albums` (`id`, `name`, `user_id`) VALUES ('93', 'tempora', '198');
INSERT INTO `photo_albums` (`id`, `name`, `user_id`) VALUES ('94', 'officiis', '199');
INSERT INTO `photo_albums` (`id`, `name`, `user_id`) VALUES ('95', 'eveniet', '101');
INSERT INTO `photo_albums` (`id`, `name`, `user_id`) VALUES ('96', 'tempore', '102');
INSERT INTO `photo_albums` (`id`, `name`, `user_id`) VALUES ('97', 'sed', '103');
INSERT INTO `photo_albums` (`id`, `name`, `user_id`) VALUES ('98', 'molestias', '104');
INSERT INTO `photo_albums` (`id`, `name`, `user_id`) VALUES ('99', 'voluptate', '105');
INSERT INTO `photo_albums` (`id`, `name`, `user_id`) VALUES ('100', 'et', '106');

/*
** TABLE DATA FOR: `photos`
*/

INSERT INTO `photos` (`album_id`, `media_id`) VALUES ('1', '1');
INSERT INTO `photos` (`album_id`, `media_id`) VALUES ('2', '2');
INSERT INTO `photos` (`album_id`, `media_id`) VALUES ('3', '3');
INSERT INTO `photos` (`album_id`, `media_id`) VALUES ('4', '4');
INSERT INTO `photos` (`album_id`, `media_id`) VALUES ('5', '5');
INSERT INTO `photos` (`album_id`, `media_id`) VALUES ('6', '6');
INSERT INTO `photos` (`album_id`, `media_id`) VALUES ('7', '7');
INSERT INTO `photos` (`album_id`, `media_id`) VALUES ('8', '8');
INSERT INTO `photos` (`album_id`, `media_id`) VALUES ('9', '9');
INSERT INTO `photos` (`album_id`, `media_id`) VALUES ('10', '10');
INSERT INTO `photos` (`album_id`, `media_id`) VALUES ('11', '11');
INSERT INTO `photos` (`album_id`, `media_id`) VALUES ('12', '12');
INSERT INTO `photos` (`album_id`, `media_id`) VALUES ('13', '13');
INSERT INTO `photos` (`album_id`, `media_id`) VALUES ('14', '14');
INSERT INTO `photos` (`album_id`, `media_id`) VALUES ('15', '15');
INSERT INTO `photos` (`album_id`, `media_id`) VALUES ('16', '16');
INSERT INTO `photos` (`album_id`, `media_id`) VALUES ('17', '17');
INSERT INTO `photos` (`album_id`, `media_id`) VALUES ('18', '18');
INSERT INTO `photos` (`album_id`, `media_id`) VALUES ('19', '19');
INSERT INTO `photos` (`album_id`, `media_id`) VALUES ('20', '20');
INSERT INTO `photos` (`album_id`, `media_id`) VALUES ('21', '21');
INSERT INTO `photos` (`album_id`, `media_id`) VALUES ('22', '22');
INSERT INTO `photos` (`album_id`, `media_id`) VALUES ('23', '23');
INSERT INTO `photos` (`album_id`, `media_id`) VALUES ('24', '24');
INSERT INTO `photos` (`album_id`, `media_id`) VALUES ('25', '25');
INSERT INTO `photos` (`album_id`, `media_id`) VALUES ('26', '26');
INSERT INTO `photos` (`album_id`, `media_id`) VALUES ('27', '27');
INSERT INTO `photos` (`album_id`, `media_id`) VALUES ('28', '28');
INSERT INTO `photos` (`album_id`, `media_id`) VALUES ('29', '29');
INSERT INTO `photos` (`album_id`, `media_id`) VALUES ('30', '30');
INSERT INTO `photos` (`album_id`, `media_id`) VALUES ('31', '31');
INSERT INTO `photos` (`album_id`, `media_id`) VALUES ('32', '32');
INSERT INTO `photos` (`album_id`, `media_id`) VALUES ('33', '33');
INSERT INTO `photos` (`album_id`, `media_id`) VALUES ('34', '34');
INSERT INTO `photos` (`album_id`, `media_id`) VALUES ('35', '35');
INSERT INTO `photos` (`album_id`, `media_id`) VALUES ('36', '36');
INSERT INTO `photos` (`album_id`, `media_id`) VALUES ('37', '37');
INSERT INTO `photos` (`album_id`, `media_id`) VALUES ('38', '38');
INSERT INTO `photos` (`album_id`, `media_id`) VALUES ('39', '39');
INSERT INTO `photos` (`album_id`, `media_id`) VALUES ('40', '40');
INSERT INTO `photos` (`album_id`, `media_id`) VALUES ('41', '41');
INSERT INTO `photos` (`album_id`, `media_id`) VALUES ('42', '42');
INSERT INTO `photos` (`album_id`, `media_id`) VALUES ('43', '43');
INSERT INTO `photos` (`album_id`, `media_id`) VALUES ('44', '44');
INSERT INTO `photos` (`album_id`, `media_id`) VALUES ('45', '45');
INSERT INTO `photos` (`album_id`, `media_id`) VALUES ('46', '46');
INSERT INTO `photos` (`album_id`, `media_id`) VALUES ('47', '47');
INSERT INTO `photos` (`album_id`, `media_id`) VALUES ('48', '48');
INSERT INTO `photos` (`album_id`, `media_id`) VALUES ('49', '49');
INSERT INTO `photos` (`album_id`, `media_id`) VALUES ('50', '50');
INSERT INTO `photos` (`album_id`, `media_id`) VALUES ('51', '51');
INSERT INTO `photos` (`album_id`, `media_id`) VALUES ('52', '52');
INSERT INTO `photos` (`album_id`, `media_id`) VALUES ('53', '53');
INSERT INTO `photos` (`album_id`, `media_id`) VALUES ('54', '54');
INSERT INTO `photos` (`album_id`, `media_id`) VALUES ('55', '55');
INSERT INTO `photos` (`album_id`, `media_id`) VALUES ('56', '56');
INSERT INTO `photos` (`album_id`, `media_id`) VALUES ('57', '57');
INSERT INTO `photos` (`album_id`, `media_id`) VALUES ('58', '58');
INSERT INTO `photos` (`album_id`, `media_id`) VALUES ('59', '59');
INSERT INTO `photos` (`album_id`, `media_id`) VALUES ('60', '60');
INSERT INTO `photos` (`album_id`, `media_id`) VALUES ('61', '61');
INSERT INTO `photos` (`album_id`, `media_id`) VALUES ('62', '62');
INSERT INTO `photos` (`album_id`, `media_id`) VALUES ('63', '63');
INSERT INTO `photos` (`album_id`, `media_id`) VALUES ('64', '64');
INSERT INTO `photos` (`album_id`, `media_id`) VALUES ('65', '65');
INSERT INTO `photos` (`album_id`, `media_id`) VALUES ('66', '66');
INSERT INTO `photos` (`album_id`, `media_id`) VALUES ('67', '67');
INSERT INTO `photos` (`album_id`, `media_id`) VALUES ('68', '68');
INSERT INTO `photos` (`album_id`, `media_id`) VALUES ('69', '69');
INSERT INTO `photos` (`album_id`, `media_id`) VALUES ('70', '70');
INSERT INTO `photos` (`album_id`, `media_id`) VALUES ('71', '71');
INSERT INTO `photos` (`album_id`, `media_id`) VALUES ('72', '72');
INSERT INTO `photos` (`album_id`, `media_id`) VALUES ('73', '73');
INSERT INTO `photos` (`album_id`, `media_id`) VALUES ('74', '74');
INSERT INTO `photos` (`album_id`, `media_id`) VALUES ('75', '75');
INSERT INTO `photos` (`album_id`, `media_id`) VALUES ('76', '76');
INSERT INTO `photos` (`album_id`, `media_id`) VALUES ('77', '77');
INSERT INTO `photos` (`album_id`, `media_id`) VALUES ('78', '78');
INSERT INTO `photos` (`album_id`, `media_id`) VALUES ('79', '79');
INSERT INTO `photos` (`album_id`, `media_id`) VALUES ('80', '80');
INSERT INTO `photos` (`album_id`, `media_id`) VALUES ('81', '81');
INSERT INTO `photos` (`album_id`, `media_id`) VALUES ('82', '82');
INSERT INTO `photos` (`album_id`, `media_id`) VALUES ('83', '83');
INSERT INTO `photos` (`album_id`, `media_id`) VALUES ('84', '84');
INSERT INTO `photos` (`album_id`, `media_id`) VALUES ('85', '85');
INSERT INTO `photos` (`album_id`, `media_id`) VALUES ('86', '86');
INSERT INTO `photos` (`album_id`, `media_id`) VALUES ('87', '87');
INSERT INTO `photos` (`album_id`, `media_id`) VALUES ('88', '88');
INSERT INTO `photos` (`album_id`, `media_id`) VALUES ('89', '89');
INSERT INTO `photos` (`album_id`, `media_id`) VALUES ('90', '90');
INSERT INTO `photos` (`album_id`, `media_id`) VALUES ('91', '91');
INSERT INTO `photos` (`album_id`, `media_id`) VALUES ('92', '92');
INSERT INTO `photos` (`album_id`, `media_id`) VALUES ('93', '93');
INSERT INTO `photos` (`album_id`, `media_id`) VALUES ('94', '94');
INSERT INTO `photos` (`album_id`, `media_id`) VALUES ('95', '95');
INSERT INTO `photos` (`album_id`, `media_id`) VALUES ('96', '96');
INSERT INTO `photos` (`album_id`, `media_id`) VALUES ('97', '97');
INSERT INTO `photos` (`album_id`, `media_id`) VALUES ('98', '98');
INSERT INTO `photos` (`album_id`, `media_id`) VALUES ('99', '99');
INSERT INTO `photos` (`album_id`, `media_id`) VALUES ('100', '100');


/*
** TABLE DATA FOR: `posts`
*/

INSERT INTO `posts` (`id`, `user_id`, `reply_to`, `media_id`, `body`, `created_at`, `updated_at`) VALUES ('1', '101', NULL, '1', 'Deleniti ratione consequatur sequi iure. Beatae et eligendi iste assumenda consequatur aut cumque. Aliquid animi id et possimus vel distinctio aut.', '1987-06-03 15:07:24', '2004-04-04 16:10:43');
INSERT INTO `posts` (`id`, `user_id`, `reply_to`, `media_id`, `body`, `created_at`, `updated_at`) VALUES ('2', '102', NULL, '2', 'Ipsa dolor corporis odio fuga rem. Et enim aspernatur incidunt cupiditate qui. Consequatur ullam corrupti ab recusandae sit ea. Magnam tempore alias sed laudantium omnis.', '2001-07-21 16:53:08', '1977-05-22 00:24:06');
INSERT INTO `posts` (`id`, `user_id`, `reply_to`, `media_id`, `body`, `created_at`, `updated_at`) VALUES ('3', '103', NULL, '3', 'Voluptates pariatur nesciunt iusto quasi. Autem et voluptatum labore ipsam commodi doloribus. Recusandae soluta qui quae ipsa. Culpa porro accusantium eum voluptatibus nesciunt illum quis voluptatem.', '1998-01-09 02:45:57', '1989-04-24 11:11:07');
INSERT INTO `posts` (`id`, `user_id`, `reply_to`, `media_id`, `body`, `created_at`, `updated_at`) VALUES ('4', '104', NULL, '4', 'Magnam omnis veritatis est non. Voluptas aut facilis adipisci consequatur esse quas at. Vitae quos voluptates magnam magnam est accusantium quas.', '2017-10-14 10:56:59', '1975-12-10 22:24:55');
INSERT INTO `posts` (`id`, `user_id`, `reply_to`, `media_id`, `body`, `created_at`, `updated_at`) VALUES ('5', '105', NULL, '5', 'Facilis voluptate error rerum quisquam rerum aperiam quisquam. Consequuntur alias quas voluptatem quae nulla aspernatur. Alias fugit minus aut distinctio.', '1973-02-24 01:29:42', '1987-07-16 13:23:16');
INSERT INTO `posts` (`id`, `user_id`, `reply_to`, `media_id`, `body`, `created_at`, `updated_at`) VALUES ('6', '106', NULL, '6', 'Fugiat debitis nihil nisi voluptatibus at amet. Nihil cumque cumque incidunt neque mollitia. Voluptates vel sapiente officiis dignissimos aut.', '1996-03-12 08:47:43', '1971-04-23 18:33:43');
INSERT INTO `posts` (`id`, `user_id`, `reply_to`, `media_id`, `body`, `created_at`, `updated_at`) VALUES ('7', '107', NULL, '7', 'Dolores sunt quas quos et corrupti consectetur. Quaerat natus qui repellendus molestiae dolorem qui itaque.', '1978-05-10 09:33:24', '2003-07-20 16:01:07');
INSERT INTO `posts` (`id`, `user_id`, `reply_to`, `media_id`, `body`, `created_at`, `updated_at`) VALUES ('8', '112', NULL, '8', 'Dolore qui nihil eius reiciendis laudantium assumenda nobis. Nulla commodi temporibus voluptatibus temporibus quibusdam. Quidem temporibus magni dolore sit. Et rerum non quo.', '1973-02-14 15:27:29', '2002-12-27 08:04:29');
INSERT INTO `posts` (`id`, `user_id`, `reply_to`, `media_id`, `body`, `created_at`, `updated_at`) VALUES ('9', '114', NULL, '9', 'Dolor autem cum sapiente ipsa quo ut quo. Consequuntur minima voluptatem non possimus. Dolore nisi aut voluptas laudantium labore error dignissimos. Ut tenetur dolor dolor occaecati ullam dolorem dicta.', '2001-06-23 05:26:13', '1986-02-05 14:49:19');
INSERT INTO `posts` (`id`, `user_id`, `reply_to`, `media_id`, `body`, `created_at`, `updated_at`) VALUES ('10', '117', NULL, '10', 'Modi aperiam totam qui ut voluptates vel molestiae. Ut sed vel quibusdam et suscipit eum ducimus explicabo. Iusto repudiandae corrupti non reprehenderit aut provident. Illum dignissimos laudantium iste ut itaque corrupti. Quasi ullam quas maxime quis ducimus dolorem.', '2015-12-16 16:32:43', '2016-08-05 08:06:39');
INSERT INTO `posts` (`id`, `user_id`, `reply_to`, `media_id`, `body`, `created_at`, `updated_at`) VALUES ('11', '121', NULL, '11', 'Et eius omnis in cupiditate sed quis culpa. Praesentium et perferendis nostrum nulla non laudantium.', '1976-08-09 21:27:36', '2014-11-21 02:00:59');
INSERT INTO `posts` (`id`, `user_id`, `reply_to`, `media_id`, `body`, `created_at`, `updated_at`) VALUES ('12', '124', NULL, '12', 'Dolorem incidunt animi sunt nemo dolor ea autem. Est veniam minima odio voluptate corrupti. Distinctio amet excepturi vel omnis.', '2015-01-12 16:36:11', '2001-09-16 05:32:50');
INSERT INTO `posts` (`id`, `user_id`, `reply_to`, `media_id`, `body`, `created_at`, `updated_at`) VALUES ('13', '126', NULL, '13', 'Dolore cumque minima impedit quas culpa. Neque placeat dolor voluptatibus eaque quos.', '2006-07-27 09:17:44', '2015-04-25 21:08:31');
INSERT INTO `posts` (`id`, `user_id`, `reply_to`, `media_id`, `body`, `created_at`, `updated_at`) VALUES ('14', '127', NULL, '14', 'Ea dicta eveniet velit dignissimos deleniti ducimus. At laudantium dolores molestiae. Aut eius incidunt ex iusto aspernatur nostrum illum. Alias ipsa placeat voluptas qui.', '2002-10-27 14:33:32', '2008-10-28 06:41:52');
INSERT INTO `posts` (`id`, `user_id`, `reply_to`, `media_id`, `body`, `created_at`, `updated_at`) VALUES ('15', '130', NULL, '15', 'Soluta maiores voluptatem impedit magni. Qui vitae voluptas molestiae sapiente modi eveniet impedit voluptatibus. Tempore ducimus impedit et quia et voluptates.', '2019-01-21 13:07:31', '2016-10-03 19:56:47');
INSERT INTO `posts` (`id`, `user_id`, `reply_to`, `media_id`, `body`, `created_at`, `updated_at`) VALUES ('16', '131', NULL, '16', 'Magni autem quis cumque optio illo facere quia. Voluptatem laboriosam alias molestiae ut. Esse voluptas aut ipsum. Ad est pariatur tenetur error non similique magnam.', '1991-02-05 19:19:57', '2006-09-09 10:16:10');
INSERT INTO `posts` (`id`, `user_id`, `reply_to`, `media_id`, `body`, `created_at`, `updated_at`) VALUES ('17', '132', NULL, '17', 'Distinctio ad atque et. Numquam id aut atque iste est recusandae explicabo.', '2016-04-06 04:29:16', '1997-12-15 08:16:09');
INSERT INTO `posts` (`id`, `user_id`, `reply_to`, `media_id`, `body`, `created_at`, `updated_at`) VALUES ('18', '134', NULL, '18', 'Qui molestias omnis animi a voluptatem sequi. A dolore autem est voluptas. Et quasi consequuntur similique eius est ut aut.', '1992-10-22 23:27:31', '1979-08-27 03:13:00');
INSERT INTO `posts` (`id`, `user_id`, `reply_to`, `media_id`, `body`, `created_at`, `updated_at`) VALUES ('19', '135', NULL, '19', 'Natus vel officia sunt perspiciatis corporis maxime. Nulla et non vitae reiciendis. Quae doloribus aut aut sunt qui iusto consequatur.', '1993-10-17 20:36:16', '1973-06-13 18:20:14');
INSERT INTO `posts` (`id`, `user_id`, `reply_to`, `media_id`, `body`, `created_at`, `updated_at`) VALUES ('20', '138', NULL, '20', 'Esse vel consequatur et reiciendis architecto enim. Enim voluptas qui numquam dicta accusantium nisi nulla. Iste et accusantium similique qui.', '2013-05-19 12:41:02', '1982-01-13 00:14:09');
INSERT INTO `posts` (`id`, `user_id`, `reply_to`, `media_id`, `body`, `created_at`, `updated_at`) VALUES ('21', '139', NULL, '21', 'Sit commodi et minima quidem. Voluptatem id culpa et sapiente natus cum. Vitae enim velit velit et et.', '1984-10-25 07:19:27', '1970-03-20 20:04:40');
INSERT INTO `posts` (`id`, `user_id`, `reply_to`, `media_id`, `body`, `created_at`, `updated_at`) VALUES ('22', '142', NULL, '22', 'Eligendi similique est in modi. Eos hic ut rerum aperiam cum dolores impedit autem. Enim vero ad aut consequatur nemo voluptas.', '2007-02-11 02:17:22', '1985-04-10 14:51:55');
INSERT INTO `posts` (`id`, `user_id`, `reply_to`, `media_id`, `body`, `created_at`, `updated_at`) VALUES ('23', '144', NULL, '23', 'Ullam quibusdam est cum aut ipsum. Consectetur beatae voluptatibus qui et. Blanditiis sunt nostrum modi tempora. Veritatis quo placeat vel rerum dolore nostrum in.', '1985-02-14 11:25:30', '2016-06-18 19:56:11');
INSERT INTO `posts` (`id`, `user_id`, `reply_to`, `media_id`, `body`, `created_at`, `updated_at`) VALUES ('24', '145', NULL, '24', 'Eveniet et sequi sed et. Laudantium aut voluptatem voluptas quidem accusamus adipisci tempore itaque. Dolor aliquam minima itaque nemo eum et sed.', '2001-12-19 09:43:45', '2008-02-25 16:06:34');
INSERT INTO `posts` (`id`, `user_id`, `reply_to`, `media_id`, `body`, `created_at`, `updated_at`) VALUES ('25', '146', NULL, '25', 'Autem ea sunt mollitia voluptatibus aperiam. Perspiciatis iusto sit consequatur aliquid vitae eos. Dolorum soluta dolorum odit est. Tempore maiores excepturi ut at nostrum perspiciatis.', '1986-03-28 22:36:18', '2005-02-27 23:48:06');
INSERT INTO `posts` (`id`, `user_id`, `reply_to`, `media_id`, `body`, `created_at`, `updated_at`) VALUES ('26', '149', NULL, '26', 'Odit qui fuga possimus nisi iusto numquam odit. Impedit sunt et earum ut voluptatibus delectus. Aut magnam asperiores ea sit consectetur.', '1987-06-29 14:04:50', '2012-01-27 00:29:14');
INSERT INTO `posts` (`id`, `user_id`, `reply_to`, `media_id`, `body`, `created_at`, `updated_at`) VALUES ('27', '150', NULL, '27', 'Voluptatum quo deleniti et aut sed ut. Iste dignissimos possimus corrupti minus. Blanditiis omnis ipsa et voluptate aspernatur.', '1979-07-24 13:28:34', '1979-04-08 07:43:20');
INSERT INTO `posts` (`id`, `user_id`, `reply_to`, `media_id`, `body`, `created_at`, `updated_at`) VALUES ('28', '153', NULL, '28', 'Totam impedit quia quod tempore. Ut molestiae et voluptatum doloribus omnis. Molestiae eveniet facere fugit illum. Non nulla sed voluptatem cumque et eos.', '1970-10-11 23:07:56', '2002-08-18 06:22:53');
INSERT INTO `posts` (`id`, `user_id`, `reply_to`, `media_id`, `body`, `created_at`, `updated_at`) VALUES ('29', '154', NULL, '29', 'Consectetur numquam assumenda corrupti sed. Eum asperiores libero aut velit animi cupiditate. Libero facere soluta neque ex rem perferendis qui.', '2004-03-12 21:51:35', '2018-09-11 15:57:01');
INSERT INTO `posts` (`id`, `user_id`, `reply_to`, `media_id`, `body`, `created_at`, `updated_at`) VALUES ('30', '157', NULL, '30', 'Non nam molestiae distinctio sit saepe. Aut quia assumenda aliquam nobis. Rem libero unde aspernatur officia facilis qui repellat. Enim assumenda unde omnis doloremque et tenetur ratione.', '1973-02-07 17:29:11', '2017-08-11 20:29:56');
INSERT INTO `posts` (`id`, `user_id`, `reply_to`, `media_id`, `body`, `created_at`, `updated_at`) VALUES ('31', '160', NULL, '31', 'Sint quia quisquam quos vitae illum occaecati pariatur. Est fuga recusandae quia sequi. Rerum doloribus magni iste earum maxime similique placeat consequuntur. Perferendis dolor qui ea quis ex laudantium laboriosam sequi. Et iste fugit nisi.', '1986-02-13 22:10:30', '1983-01-27 03:53:51');
INSERT INTO `posts` (`id`, `user_id`, `reply_to`, `media_id`, `body`, `created_at`, `updated_at`) VALUES ('32', '166', NULL, '32', 'Repellat illo dolore tempora aut dolore et ut dolorum. Rerum perspiciatis quod quibusdam qui corrupti optio necessitatibus facere. Dolor distinctio et voluptas pariatur voluptas ipsam. Repellat voluptate ea vel quo.', '2002-11-02 17:35:40', '1986-02-06 02:55:14');
INSERT INTO `posts` (`id`, `user_id`, `reply_to`, `media_id`, `body`, `created_at`, `updated_at`) VALUES ('33', '168', NULL, '33', 'Nemo dignissimos sunt quos cumque aliquam numquam. Debitis ex culpa veniam. Magnam in et tempore eos dolores. Perferendis et beatae impedit deleniti consequatur vel laudantium.', '1992-05-30 02:57:36', '1978-09-16 03:11:43');
INSERT INTO `posts` (`id`, `user_id`, `reply_to`, `media_id`, `body`, `created_at`, `updated_at`) VALUES ('34', '170', NULL, '34', 'Eligendi natus et enim consectetur. Dolore et et expedita ea molestias aperiam assumenda veniam. Ut maxime repellendus dolores inventore ullam. Neque impedit sequi quia adipisci.', '2000-07-20 21:46:47', '2011-10-14 06:33:14');
INSERT INTO `posts` (`id`, `user_id`, `reply_to`, `media_id`, `body`, `created_at`, `updated_at`) VALUES ('35', '171', NULL, '35', 'Et eum dolores excepturi. Est qui ab voluptatem rerum. Perspiciatis repellat vel itaque hic.', '1991-02-07 13:43:12', '1972-04-30 01:50:18');
INSERT INTO `posts` (`id`, `user_id`, `reply_to`, `media_id`, `body`, `created_at`, `updated_at`) VALUES ('36', '172', NULL, '36', 'Vel ducimus voluptas corporis dolorum aut. Modi similique atque voluptatum. Et maiores temporibus et et qui beatae.', '2007-02-12 19:18:39', '1995-08-25 00:10:36');
INSERT INTO `posts` (`id`, `user_id`, `reply_to`, `media_id`, `body`, `created_at`, `updated_at`) VALUES ('37', '177', NULL, '37', 'Itaque recusandae magnam ab molestiae est quas. Dolor et enim odit quo eaque enim. Assumenda nulla dolore sed officiis id aut et. Quidem voluptas est fugit ut ratione molestiae. Quos numquam dolorem et eum maiores quaerat.', '1993-05-20 12:06:44', '2005-08-25 23:11:30');
INSERT INTO `posts` (`id`, `user_id`, `reply_to`, `media_id`, `body`, `created_at`, `updated_at`) VALUES ('38', '181', NULL, '38', 'Voluptates est iure saepe reiciendis. Officiis nihil ut est et laudantium velit.', '1984-04-08 20:44:10', '1996-06-20 20:54:32');
INSERT INTO `posts` (`id`, `user_id`, `reply_to`, `media_id`, `body`, `created_at`, `updated_at`) VALUES ('39', '183', NULL, '39', 'Pariatur quasi necessitatibus dolor id ut nulla quo. Nam non ipsum dolore ipsam.', '2001-12-16 11:53:36', '1986-10-18 12:37:26');
INSERT INTO `posts` (`id`, `user_id`, `reply_to`, `media_id`, `body`, `created_at`, `updated_at`) VALUES ('40', '184', NULL, '40', 'Culpa dolorum ad voluptatem. Eligendi quis eos sit excepturi deserunt nobis. Cumque maxime distinctio occaecati cumque aut debitis omnis.', '2010-03-14 21:49:17', '1971-05-28 11:57:26');
INSERT INTO `posts` (`id`, `user_id`, `reply_to`, `media_id`, `body`, `created_at`, `updated_at`) VALUES ('41', '187', NULL, '41', 'Ut qui unde illum sed vel molestias aut. Quos quia ad quas doloribus voluptas ea. Et sit natus dolores ipsa adipisci quia.', '2012-03-17 23:52:14', '2007-11-25 04:37:54');
INSERT INTO `posts` (`id`, `user_id`, `reply_to`, `media_id`, `body`, `created_at`, `updated_at`) VALUES ('42', '191', NULL, '42', 'Eos esse pariatur eligendi sequi dolor quia sit. Porro quos et voluptatem nemo eos sint. Magnam dolor accusantium dolorem enim culpa. Eos et quam consequuntur et voluptatem consectetur consequatur.', '1973-05-01 01:55:54', '1981-05-27 03:30:28');
INSERT INTO `posts` (`id`, `user_id`, `reply_to`, `media_id`, `body`, `created_at`, `updated_at`) VALUES ('43', '192', NULL, '43', 'Facere recusandae sit consequuntur alias recusandae. Porro enim quasi eos assumenda deleniti deleniti. Vero atque debitis omnis. Quaerat odio vel ut earum praesentium impedit error porro.', '2016-04-14 15:13:24', '1991-01-02 23:24:34');
INSERT INTO `posts` (`id`, `user_id`, `reply_to`, `media_id`, `body`, `created_at`, `updated_at`) VALUES ('44', '194', NULL, '44', 'Quos tenetur necessitatibus tenetur incidunt quibusdam reiciendis. Repellat eum quia sed quo. Eligendi est delectus in est sed.', '1975-08-25 06:20:03', '1974-03-10 08:34:10');
INSERT INTO `posts` (`id`, `user_id`, `reply_to`, `media_id`, `body`, `created_at`, `updated_at`) VALUES ('45', '197', NULL, '45', 'Consequatur repellendus nulla ut cum molestias id. Illum odio nam voluptatem enim. Qui et quidem voluptates rerum aliquid praesentium sapiente.', '1996-07-15 21:32:06', '1993-10-02 22:53:25');
INSERT INTO `posts` (`id`, `user_id`, `reply_to`, `media_id`, `body`, `created_at`, `updated_at`) VALUES ('46', '198', NULL, '46', 'Esse amet qui explicabo. Id voluptas labore ea eaque. Quis numquam perferendis omnis consequatur. Alias quaerat beatae similique molestiae sint aliquam rerum corporis.', '1994-01-12 17:42:23', '2009-09-08 21:35:41');
INSERT INTO `posts` (`id`, `user_id`, `reply_to`, `media_id`, `body`, `created_at`, `updated_at`) VALUES ('47', '199', NULL, '47', 'Officiis dolorum nihil tempore repellat et aut iste. Earum modi aut error repudiandae quisquam sit. Eum nostrum pariatur quis nam. Enim mollitia adipisci nulla vel dolores sint est. Tenetur et beatae occaecati non eveniet id incidunt.', '1977-06-06 23:57:08', '2005-08-20 20:52:52');
INSERT INTO `posts` (`id`, `user_id`, `reply_to`, `media_id`, `body`, `created_at`, `updated_at`) VALUES ('48', '101', NULL, '48', 'Blanditiis est accusamus et et voluptatem est neque. Alias ipsum sint et aperiam odio aut minima. Voluptatum ex molestiae atque eaque velit. Repudiandae enim dolores dolorem odit nostrum est.', '1982-01-02 14:24:19', '1996-01-10 20:11:27');
INSERT INTO `posts` (`id`, `user_id`, `reply_to`, `media_id`, `body`, `created_at`, `updated_at`) VALUES ('49', '102', NULL, '49', 'Vel omnis qui ut hic voluptas enim. Ratione sunt deleniti atque tenetur. Sit ea fuga rerum est. Debitis fugit voluptas ipsam enim facilis quia vero ad.', '2015-07-17 01:47:16', '1991-09-20 21:38:31');
INSERT INTO `posts` (`id`, `user_id`, `reply_to`, `media_id`, `body`, `created_at`, `updated_at`) VALUES ('50', '103', NULL, '50', 'Et sequi mollitia corporis dolorum harum est officia similique. Tenetur et id iste iste omnis. Accusantium nostrum aut reiciendis fugit non.', '1977-12-05 01:05:20', '2013-01-16 18:20:18');
INSERT INTO `posts` (`id`, `user_id`, `reply_to`, `media_id`, `body`, `created_at`, `updated_at`) VALUES ('51', '104', NULL, '51', 'Aperiam odio tempore unde et id quibusdam dicta perferendis. Veniam aspernatur ea pariatur placeat veniam est excepturi. Ut quia doloremque sint nemo velit quibusdam est vitae.', '1986-11-22 00:51:25', '1979-12-20 21:18:13');
INSERT INTO `posts` (`id`, `user_id`, `reply_to`, `media_id`, `body`, `created_at`, `updated_at`) VALUES ('52', '105', NULL, '52', 'Qui delectus qui debitis corporis molestiae reiciendis. Quibusdam commodi non vel. Aspernatur atque sapiente mollitia et ut modi dolor quas. Suscipit ex aut dolores quibusdam illum eos est.', '1981-03-15 03:02:27', '1984-02-10 06:15:19');
INSERT INTO `posts` (`id`, `user_id`, `reply_to`, `media_id`, `body`, `created_at`, `updated_at`) VALUES ('53', '106', NULL, '53', 'Non cum consequatur perferendis dignissimos repudiandae sequi. Aut officia dolores alias suscipit.', '2014-08-22 09:15:07', '1979-11-03 08:09:26');
INSERT INTO `posts` (`id`, `user_id`, `reply_to`, `media_id`, `body`, `created_at`, `updated_at`) VALUES ('54', '107', NULL, '54', 'Veniam voluptates expedita culpa omnis sed qui. Repellat veniam est natus pariatur excepturi praesentium.', '2011-11-13 08:40:29', '1976-03-19 21:43:20');
INSERT INTO `posts` (`id`, `user_id`, `reply_to`, `media_id`, `body`, `created_at`, `updated_at`) VALUES ('55', '112', NULL, '55', 'Voluptates fugiat quo eligendi deserunt est. Iste rem rerum perferendis. Quibusdam accusamus sapiente quam fuga veritatis.', '1996-12-08 18:59:04', '1991-10-10 14:47:36');
INSERT INTO `posts` (`id`, `user_id`, `reply_to`, `media_id`, `body`, `created_at`, `updated_at`) VALUES ('56', '114', NULL, '56', 'Dolores quisquam officiis veniam. Ut nemo aperiam ducimus minima et est. Quae consectetur cum est adipisci non iusto aperiam.', '1986-08-03 02:48:16', '1979-04-28 18:09:28');
INSERT INTO `posts` (`id`, `user_id`, `reply_to`, `media_id`, `body`, `created_at`, `updated_at`) VALUES ('57', '117', NULL, '57', 'Dicta nemo perspiciatis nostrum illum qui et et. Optio corrupti mollitia consequatur.', '2018-10-04 15:26:59', '1975-01-07 21:58:55');
INSERT INTO `posts` (`id`, `user_id`, `reply_to`, `media_id`, `body`, `created_at`, `updated_at`) VALUES ('58', '121', NULL, '58', 'Amet neque distinctio quam tenetur quo sed consectetur temporibus. Repudiandae ut eos eos dicta et consequatur omnis. Vel a dolorem repellat reprehenderit neque quaerat neque.', '1973-02-01 20:11:20', '2003-05-08 12:26:00');
INSERT INTO `posts` (`id`, `user_id`, `reply_to`, `media_id`, `body`, `created_at`, `updated_at`) VALUES ('59', '124', NULL, '59', 'Nihil assumenda ex assumenda commodi itaque autem autem debitis. Perferendis optio et dicta error dignissimos deserunt. Omnis qui deleniti neque ex.', '2018-10-05 01:18:25', '1984-09-24 00:56:18');
INSERT INTO `posts` (`id`, `user_id`, `reply_to`, `media_id`, `body`, `created_at`, `updated_at`) VALUES ('60', '126', NULL, '60', 'Nam nobis unde unde qui sapiente quia. Et voluptatibus velit maiores dolor necessitatibus dolores. Quis magni facilis laudantium.', '2006-07-11 05:09:12', '1992-04-23 05:19:15');
INSERT INTO `posts` (`id`, `user_id`, `reply_to`, `media_id`, `body`, `created_at`, `updated_at`) VALUES ('61', '127', NULL, '61', 'Maxime amet iusto sapiente nulla. Omnis non provident voluptate voluptatem eum et. Fugiat et odio omnis eius velit non et. Error quia id nesciunt debitis sint minus.', '1981-04-14 06:36:08', '2002-10-28 01:53:13');
INSERT INTO `posts` (`id`, `user_id`, `reply_to`, `media_id`, `body`, `created_at`, `updated_at`) VALUES ('62', '130', NULL, '62', 'A aspernatur quia asperiores. Sit sint quia ipsam in dolores. Quam repudiandae quia est aspernatur vero perspiciatis.', '1989-11-23 07:13:57', '1995-03-10 20:31:05');
INSERT INTO `posts` (`id`, `user_id`, `reply_to`, `media_id`, `body`, `created_at`, `updated_at`) VALUES ('63', '131', NULL, '63', 'Doloremque voluptas non non illo ut laboriosam quisquam voluptatem. Necessitatibus error harum nemo. Qui alias nulla ut hic. Quam consequatur tempora earum hic sed qui. Et adipisci veniam accusamus harum consequatur.', '1971-08-20 02:54:49', '1998-01-14 10:36:15');
INSERT INTO `posts` (`id`, `user_id`, `reply_to`, `media_id`, `body`, `created_at`, `updated_at`) VALUES ('64', '132', NULL, '64', 'Modi placeat tempore animi eum eveniet. Aut eos optio iusto perferendis facilis fugiat voluptatem voluptas. Praesentium ex in veniam possimus facilis maxime voluptatibus.', '1979-09-13 20:19:44', '1985-02-18 00:14:08');
INSERT INTO `posts` (`id`, `user_id`, `reply_to`, `media_id`, `body`, `created_at`, `updated_at`) VALUES ('65', '134', NULL, '65', 'Eveniet quam sunt vel natus aut. Eaque nulla velit libero ut et dolorem itaque. Quis odit iste et esse nulla.', '1986-07-09 02:36:33', '1992-05-27 21:12:12');
INSERT INTO `posts` (`id`, `user_id`, `reply_to`, `media_id`, `body`, `created_at`, `updated_at`) VALUES ('66', '135', NULL, '66', 'Dignissimos et saepe fugiat et. In id officiis qui et commodi. Est animi officia velit vitae nam ad vero. Natus voluptate rerum repellat velit.', '2012-05-03 18:31:17', '1984-01-04 13:08:48');
INSERT INTO `posts` (`id`, `user_id`, `reply_to`, `media_id`, `body`, `created_at`, `updated_at`) VALUES ('67', '138', NULL, '67', 'Sint est impedit minima et. Ut enim tenetur aliquid maiores aut. Laudantium reprehenderit molestias autem.', '1976-08-24 14:02:47', '1973-12-24 17:53:23');
INSERT INTO `posts` (`id`, `user_id`, `reply_to`, `media_id`, `body`, `created_at`, `updated_at`) VALUES ('68', '139', NULL, '68', 'Laborum soluta itaque nobis odit sit eius harum. Non eum officiis dolorem ipsam provident.', '2000-01-06 17:15:37', '1998-11-30 14:37:26');
INSERT INTO `posts` (`id`, `user_id`, `reply_to`, `media_id`, `body`, `created_at`, `updated_at`) VALUES ('69', '142', NULL, '69', 'Voluptates maiores inventore non esse quia quia veritatis. Nobis culpa aspernatur culpa porro at hic. Dolorem quia sit enim eum perspiciatis odio impedit ipsum. Ea autem dignissimos ut quia.', '1987-10-02 20:13:18', '1999-01-25 09:47:56');
INSERT INTO `posts` (`id`, `user_id`, `reply_to`, `media_id`, `body`, `created_at`, `updated_at`) VALUES ('70', '144', NULL, '70', 'Tempore quisquam doloremque iste. Eveniet nostrum ad ut dignissimos voluptatem. Tenetur non exercitationem esse omnis deserunt. Inventore explicabo neque placeat cum. Aut quia nulla quis.', '1994-12-07 00:53:21', '2004-12-22 08:40:22');
INSERT INTO `posts` (`id`, `user_id`, `reply_to`, `media_id`, `body`, `created_at`, `updated_at`) VALUES ('71', '145', NULL, '71', 'Rerum error ea ex error doloribus molestiae porro ipsam. Facere voluptatem et quae quidem quos. Id nulla cumque pariatur adipisci voluptas.', '2007-02-25 21:05:13', '1994-12-02 16:43:45');
INSERT INTO `posts` (`id`, `user_id`, `reply_to`, `media_id`, `body`, `created_at`, `updated_at`) VALUES ('72', '146', NULL, '72', 'Non illo fugit voluptatem voluptatibus quo amet nihil. Laboriosam ad non aperiam suscipit sapiente. Quis cumque perspiciatis et soluta fugiat.', '2014-03-06 13:30:40', '2002-06-27 00:20:52');
INSERT INTO `posts` (`id`, `user_id`, `reply_to`, `media_id`, `body`, `created_at`, `updated_at`) VALUES ('73', '149', NULL, '73', 'Sed iusto odio nemo dolores. Ea sed quis ea illum tempora voluptate voluptas laborum. Doloremque quia ipsa aut. Et sequi ex vero voluptatem perferendis commodi delectus facilis.', '2004-05-24 02:09:00', '1981-07-10 11:43:45');
INSERT INTO `posts` (`id`, `user_id`, `reply_to`, `media_id`, `body`, `created_at`, `updated_at`) VALUES ('74', '150', NULL, '74', 'Libero enim quae odio voluptates dolorum. Aut omnis iusto nam harum voluptas quos illum. Et amet dicta voluptatibus labore.', '1979-08-02 06:14:48', '2002-08-03 19:29:11');
INSERT INTO `posts` (`id`, `user_id`, `reply_to`, `media_id`, `body`, `created_at`, `updated_at`) VALUES ('75', '153', NULL, '75', 'In sapiente cum quos aut eum dignissimos. Consequatur et autem sit facilis incidunt explicabo aut. Voluptas nesciunt praesentium et dolorem illum.', '2009-05-12 00:30:50', '1972-06-22 02:28:09');
INSERT INTO `posts` (`id`, `user_id`, `reply_to`, `media_id`, `body`, `created_at`, `updated_at`) VALUES ('76', '154', NULL, '76', 'Quia dolorem ea qui et autem sed eligendi saepe. Quo blanditiis voluptatem quaerat inventore et. Maxime possimus eos sint tenetur corporis in ut laudantium. Autem sunt est atque beatae deserunt.', '2012-01-07 10:02:26', '1990-12-07 21:58:53');
INSERT INTO `posts` (`id`, `user_id`, `reply_to`, `media_id`, `body`, `created_at`, `updated_at`) VALUES ('77', '157', NULL, '77', 'Et est quam eum ea. Voluptatem praesentium repellendus voluptatem. Rerum nobis voluptas vitae.', '1998-09-29 13:24:20', '2017-06-07 14:42:37');
INSERT INTO `posts` (`id`, `user_id`, `reply_to`, `media_id`, `body`, `created_at`, `updated_at`) VALUES ('78', '160', NULL, '78', 'Ut laboriosam corporis non odit aut debitis. Deleniti quo occaecati minus itaque occaecati eligendi. Dolorum rem aliquam sequi qui aut quisquam. Modi quo facilis est consequatur.', '1970-05-21 08:20:52', '1977-06-11 18:22:07');
INSERT INTO `posts` (`id`, `user_id`, `reply_to`, `media_id`, `body`, `created_at`, `updated_at`) VALUES ('79', '166', NULL, '79', 'Impedit est explicabo dolores sint. Unde modi consectetur in et inventore. Et voluptas nam quis rerum nesciunt.', '1983-12-27 21:50:32', '2003-04-15 13:38:06');
INSERT INTO `posts` (`id`, `user_id`, `reply_to`, `media_id`, `body`, `created_at`, `updated_at`) VALUES ('80', '168', NULL, '80', 'Quis occaecati quia consequatur sed. Sint et voluptas autem adipisci porro enim vero.', '1981-02-16 13:33:41', '1995-04-08 19:11:54');
INSERT INTO `posts` (`id`, `user_id`, `reply_to`, `media_id`, `body`, `created_at`, `updated_at`) VALUES ('81', '170', NULL, '81', 'Dolorem voluptas recusandae dignissimos ea repudiandae sint suscipit. Repudiandae ratione rerum possimus recusandae sit. Quis numquam soluta voluptatem ad fugiat et.', '2009-02-03 10:55:58', '2001-08-20 00:57:32');
INSERT INTO `posts` (`id`, `user_id`, `reply_to`, `media_id`, `body`, `created_at`, `updated_at`) VALUES ('82', '171', NULL, '82', 'Sed rerum occaecati qui sed asperiores porro architecto. Aut commodi mollitia autem ipsam totam. Repudiandae cupiditate qui et minima necessitatibus magni repellendus.', '1983-01-03 22:41:30', '2019-09-06 02:57:21');
INSERT INTO `posts` (`id`, `user_id`, `reply_to`, `media_id`, `body`, `created_at`, `updated_at`) VALUES ('83', '172', NULL, '83', 'Aperiam porro nihil corporis fugit cumque. Eligendi molestias omnis facere perspiciatis. Quibusdam repellendus eaque odio repellendus sequi.', '1997-10-11 18:49:47', '1972-11-23 21:13:51');
INSERT INTO `posts` (`id`, `user_id`, `reply_to`, `media_id`, `body`, `created_at`, `updated_at`) VALUES ('84', '177', NULL, '84', 'Qui dolores fugit placeat id amet sapiente rerum. Est eligendi et ut laboriosam deserunt et. Libero omnis ut impedit voluptatibus dolores deleniti dolorem.', '2003-08-06 20:55:59', '2017-06-22 08:04:26');
INSERT INTO `posts` (`id`, `user_id`, `reply_to`, `media_id`, `body`, `created_at`, `updated_at`) VALUES ('85', '181', NULL, '85', 'Vero labore quis et. Qui est autem suscipit voluptatem tempore.', '2015-02-01 01:00:25', '1990-11-20 02:00:04');
INSERT INTO `posts` (`id`, `user_id`, `reply_to`, `media_id`, `body`, `created_at`, `updated_at`) VALUES ('86', '183', NULL, '86', 'Ab et perspiciatis quia deserunt vitae quibusdam culpa. Numquam rerum delectus non expedita et.', '1981-12-04 00:11:10', '1996-08-25 00:24:44');
INSERT INTO `posts` (`id`, `user_id`, `reply_to`, `media_id`, `body`, `created_at`, `updated_at`) VALUES ('87', '184', NULL, '87', 'Ut repellat quaerat necessitatibus doloribus quidem. Non rerum reprehenderit sit harum ut rerum. Consequatur dicta suscipit non optio reprehenderit.', '1990-03-03 01:14:19', '1980-07-08 07:16:41');
INSERT INTO `posts` (`id`, `user_id`, `reply_to`, `media_id`, `body`, `created_at`, `updated_at`) VALUES ('88', '187', NULL, '88', 'Repellendus consequatur totam delectus vero est quibusdam. Sint aspernatur et dicta aspernatur voluptatem recusandae molestiae. Nesciunt et culpa ad aspernatur officia ipsa recusandae.', '2015-05-19 17:52:55', '1988-07-18 15:55:15');
INSERT INTO `posts` (`id`, `user_id`, `reply_to`, `media_id`, `body`, `created_at`, `updated_at`) VALUES ('89', '191', NULL, '89', 'Consequatur accusamus doloremque non maiores ipsa id fugiat. Ut sit modi et rem accusantium consectetur et. Quasi expedita similique eos repellendus praesentium qui amet dolores. Quo sunt corrupti asperiores sequi est. Ut porro eius rerum inventore voluptas et.', '1986-01-16 01:10:57', '1973-02-06 11:57:29');
INSERT INTO `posts` (`id`, `user_id`, `reply_to`, `media_id`, `body`, `created_at`, `updated_at`) VALUES ('90', '192', NULL, '90', 'Voluptate iure laboriosam enim est ab asperiores harum. Reprehenderit enim dolores quasi dolores hic in. Qui veniam rerum nisi doloremque. Blanditiis et dolor velit et.', '2003-05-03 04:33:41', '1992-07-10 07:53:15');
INSERT INTO `posts` (`id`, `user_id`, `reply_to`, `media_id`, `body`, `created_at`, `updated_at`) VALUES ('91', '194', NULL, '91', 'Optio et eos nihil voluptas soluta enim odio. Porro saepe qui rem at qui. Ut architecto omnis commodi corrupti reprehenderit atque quis possimus. Aut ut ducimus qui aut aut.', '1975-04-21 09:09:08', '1975-07-09 17:55:22');
INSERT INTO `posts` (`id`, `user_id`, `reply_to`, `media_id`, `body`, `created_at`, `updated_at`) VALUES ('92', '197', NULL, '92', 'Deleniti et ad reiciendis sunt illo ipsum. Repudiandae perspiciatis harum omnis voluptate autem ea. Dolor soluta aut occaecati voluptatum libero qui. Eum accusantium dolorem incidunt ea.', '1986-11-05 07:46:57', '1974-01-01 10:39:20');
INSERT INTO `posts` (`id`, `user_id`, `reply_to`, `media_id`, `body`, `created_at`, `updated_at`) VALUES ('93', '198', NULL, '93', 'Similique nisi consequatur beatae rem blanditiis. Et facilis voluptatem aut odio incidunt sit occaecati cumque. Dolores in fugit rerum maxime.', '2002-06-05 12:30:09', '2001-09-29 02:02:21');
INSERT INTO `posts` (`id`, `user_id`, `reply_to`, `media_id`, `body`, `created_at`, `updated_at`) VALUES ('94', '199', NULL, '94', 'Dolor et et quos dolore quod. Porro accusamus itaque sapiente quas accusantium earum maiores quaerat. Dolores officiis ut aut quia ut.', '1992-05-06 21:19:46', '1998-01-22 21:30:53');
INSERT INTO `posts` (`id`, `user_id`, `reply_to`, `media_id`, `body`, `created_at`, `updated_at`) VALUES ('95', '101', NULL, '95', 'Consequuntur minus enim quaerat. Veniam et tenetur et excepturi.', '1971-03-02 08:12:00', '2017-08-10 23:17:03');
INSERT INTO `posts` (`id`, `user_id`, `reply_to`, `media_id`, `body`, `created_at`, `updated_at`) VALUES ('96', '102', NULL, '96', 'Et sed laudantium atque unde dolorem odit. Ea est atque eum sunt ea ex dolores suscipit. Hic magnam eum laboriosam qui quis eos.', '2013-01-05 11:45:41', '2013-10-01 10:46:53');
INSERT INTO `posts` (`id`, `user_id`, `reply_to`, `media_id`, `body`, `created_at`, `updated_at`) VALUES ('97', '103', NULL, '97', 'Qui aut id sequi velit deserunt eaque nesciunt minus. Eos eveniet aut voluptatem et. Vel sed aspernatur maxime ex. Mollitia et sit quo odit iure ut.', '2010-09-24 15:38:32', '2017-11-26 06:25:58');
INSERT INTO `posts` (`id`, `user_id`, `reply_to`, `media_id`, `body`, `created_at`, `updated_at`) VALUES ('98', '104', NULL, '98', 'Est consequatur recusandae aut ducimus ullam. Aliquam aliquid vitae vel id accusamus quod. Ut ratione eos est vel earum iusto ullam dolores.', '2017-08-23 00:16:41', '2008-07-19 22:28:11');
INSERT INTO `posts` (`id`, `user_id`, `reply_to`, `media_id`, `body`, `created_at`, `updated_at`) VALUES ('99', '105', NULL, '99', 'Corporis voluptate quaerat dolores eum ratione quaerat nihil. Quas est qui quis veniam et ut corrupti. Amet et in facere incidunt in nam ut molestiae. Enim soluta et minima nisi.', '2000-04-13 21:32:22', '1993-09-05 14:58:07');
INSERT INTO `posts` (`id`, `user_id`, `reply_to`, `media_id`, `body`, `created_at`, `updated_at`) VALUES ('100', '106', NULL, '100', 'Quia alias voluptas quibusdam et. Veritatis esse aut expedita qui neque nisi aliquam. Vel architecto possimus inventore iusto ad tempora. Libero unde dolorem sapiente magni saepe excepturi omnis. Id sit eius reprehenderit aliquam.', '1982-03-25 05:54:13', '1977-10-12 09:15:01');

/*
** TABLE DATA FOR: `attachments`
*/

INSERT INTO `attachments` (`post_id`, `media_id`) VALUES ('1', '1');
INSERT INTO `attachments` (`post_id`, `media_id`) VALUES ('2', '2');
INSERT INTO `attachments` (`post_id`, `media_id`) VALUES ('3', '3');
INSERT INTO `attachments` (`post_id`, `media_id`) VALUES ('4', '4');
INSERT INTO `attachments` (`post_id`, `media_id`) VALUES ('5', '5');
INSERT INTO `attachments` (`post_id`, `media_id`) VALUES ('6', '6');
INSERT INTO `attachments` (`post_id`, `media_id`) VALUES ('7', '7');
INSERT INTO `attachments` (`post_id`, `media_id`) VALUES ('8', '8');
INSERT INTO `attachments` (`post_id`, `media_id`) VALUES ('9', '9');
INSERT INTO `attachments` (`post_id`, `media_id`) VALUES ('10', '10');
INSERT INTO `attachments` (`post_id`, `media_id`) VALUES ('11', '11');
INSERT INTO `attachments` (`post_id`, `media_id`) VALUES ('12', '12');
INSERT INTO `attachments` (`post_id`, `media_id`) VALUES ('13', '13');
INSERT INTO `attachments` (`post_id`, `media_id`) VALUES ('14', '14');
INSERT INTO `attachments` (`post_id`, `media_id`) VALUES ('15', '15');
INSERT INTO `attachments` (`post_id`, `media_id`) VALUES ('16', '16');
INSERT INTO `attachments` (`post_id`, `media_id`) VALUES ('17', '17');
INSERT INTO `attachments` (`post_id`, `media_id`) VALUES ('18', '18');
INSERT INTO `attachments` (`post_id`, `media_id`) VALUES ('19', '19');
INSERT INTO `attachments` (`post_id`, `media_id`) VALUES ('20', '20');
INSERT INTO `attachments` (`post_id`, `media_id`) VALUES ('21', '21');
INSERT INTO `attachments` (`post_id`, `media_id`) VALUES ('22', '22');
INSERT INTO `attachments` (`post_id`, `media_id`) VALUES ('23', '23');
INSERT INTO `attachments` (`post_id`, `media_id`) VALUES ('24', '24');
INSERT INTO `attachments` (`post_id`, `media_id`) VALUES ('25', '25');
INSERT INTO `attachments` (`post_id`, `media_id`) VALUES ('26', '26');
INSERT INTO `attachments` (`post_id`, `media_id`) VALUES ('27', '27');
INSERT INTO `attachments` (`post_id`, `media_id`) VALUES ('28', '28');
INSERT INTO `attachments` (`post_id`, `media_id`) VALUES ('29', '29');
INSERT INTO `attachments` (`post_id`, `media_id`) VALUES ('30', '30');
INSERT INTO `attachments` (`post_id`, `media_id`) VALUES ('31', '31');
INSERT INTO `attachments` (`post_id`, `media_id`) VALUES ('32', '32');
INSERT INTO `attachments` (`post_id`, `media_id`) VALUES ('33', '33');
INSERT INTO `attachments` (`post_id`, `media_id`) VALUES ('34', '34');
INSERT INTO `attachments` (`post_id`, `media_id`) VALUES ('35', '35');
INSERT INTO `attachments` (`post_id`, `media_id`) VALUES ('36', '36');
INSERT INTO `attachments` (`post_id`, `media_id`) VALUES ('37', '37');
INSERT INTO `attachments` (`post_id`, `media_id`) VALUES ('38', '38');
INSERT INTO `attachments` (`post_id`, `media_id`) VALUES ('39', '39');
INSERT INTO `attachments` (`post_id`, `media_id`) VALUES ('40', '40');
INSERT INTO `attachments` (`post_id`, `media_id`) VALUES ('41', '41');
INSERT INTO `attachments` (`post_id`, `media_id`) VALUES ('42', '42');
INSERT INTO `attachments` (`post_id`, `media_id`) VALUES ('43', '43');
INSERT INTO `attachments` (`post_id`, `media_id`) VALUES ('44', '44');
INSERT INTO `attachments` (`post_id`, `media_id`) VALUES ('45', '45');
INSERT INTO `attachments` (`post_id`, `media_id`) VALUES ('46', '46');
INSERT INTO `attachments` (`post_id`, `media_id`) VALUES ('47', '47');
INSERT INTO `attachments` (`post_id`, `media_id`) VALUES ('48', '48');
INSERT INTO `attachments` (`post_id`, `media_id`) VALUES ('49', '49');
INSERT INTO `attachments` (`post_id`, `media_id`) VALUES ('50', '50');
INSERT INTO `attachments` (`post_id`, `media_id`) VALUES ('51', '51');
INSERT INTO `attachments` (`post_id`, `media_id`) VALUES ('52', '52');
INSERT INTO `attachments` (`post_id`, `media_id`) VALUES ('53', '53');
INSERT INTO `attachments` (`post_id`, `media_id`) VALUES ('54', '54');
INSERT INTO `attachments` (`post_id`, `media_id`) VALUES ('55', '55');
INSERT INTO `attachments` (`post_id`, `media_id`) VALUES ('56', '56');
INSERT INTO `attachments` (`post_id`, `media_id`) VALUES ('57', '57');
INSERT INTO `attachments` (`post_id`, `media_id`) VALUES ('58', '58');
INSERT INTO `attachments` (`post_id`, `media_id`) VALUES ('59', '59');
INSERT INTO `attachments` (`post_id`, `media_id`) VALUES ('60', '60');
INSERT INTO `attachments` (`post_id`, `media_id`) VALUES ('61', '61');
INSERT INTO `attachments` (`post_id`, `media_id`) VALUES ('62', '62');
INSERT INTO `attachments` (`post_id`, `media_id`) VALUES ('63', '63');
INSERT INTO `attachments` (`post_id`, `media_id`) VALUES ('64', '64');
INSERT INTO `attachments` (`post_id`, `media_id`) VALUES ('65', '65');
INSERT INTO `attachments` (`post_id`, `media_id`) VALUES ('66', '66');
INSERT INTO `attachments` (`post_id`, `media_id`) VALUES ('67', '67');
INSERT INTO `attachments` (`post_id`, `media_id`) VALUES ('68', '68');
INSERT INTO `attachments` (`post_id`, `media_id`) VALUES ('69', '69');
INSERT INTO `attachments` (`post_id`, `media_id`) VALUES ('70', '70');
INSERT INTO `attachments` (`post_id`, `media_id`) VALUES ('71', '71');
INSERT INTO `attachments` (`post_id`, `media_id`) VALUES ('72', '72');
INSERT INTO `attachments` (`post_id`, `media_id`) VALUES ('73', '73');
INSERT INTO `attachments` (`post_id`, `media_id`) VALUES ('74', '74');
INSERT INTO `attachments` (`post_id`, `media_id`) VALUES ('75', '75');
INSERT INTO `attachments` (`post_id`, `media_id`) VALUES ('76', '76');
INSERT INTO `attachments` (`post_id`, `media_id`) VALUES ('77', '77');
INSERT INTO `attachments` (`post_id`, `media_id`) VALUES ('78', '78');
INSERT INTO `attachments` (`post_id`, `media_id`) VALUES ('79', '79');
INSERT INTO `attachments` (`post_id`, `media_id`) VALUES ('80', '80');
INSERT INTO `attachments` (`post_id`, `media_id`) VALUES ('81', '81');
INSERT INTO `attachments` (`post_id`, `media_id`) VALUES ('82', '82');
INSERT INTO `attachments` (`post_id`, `media_id`) VALUES ('83', '83');
INSERT INTO `attachments` (`post_id`, `media_id`) VALUES ('84', '84');
INSERT INTO `attachments` (`post_id`, `media_id`) VALUES ('85', '85');
INSERT INTO `attachments` (`post_id`, `media_id`) VALUES ('86', '86');
INSERT INTO `attachments` (`post_id`, `media_id`) VALUES ('87', '87');
INSERT INTO `attachments` (`post_id`, `media_id`) VALUES ('88', '88');
INSERT INTO `attachments` (`post_id`, `media_id`) VALUES ('89', '89');
INSERT INTO `attachments` (`post_id`, `media_id`) VALUES ('90', '90');
INSERT INTO `attachments` (`post_id`, `media_id`) VALUES ('91', '91');
INSERT INTO `attachments` (`post_id`, `media_id`) VALUES ('92', '92');
INSERT INTO `attachments` (`post_id`, `media_id`) VALUES ('93', '93');
INSERT INTO `attachments` (`post_id`, `media_id`) VALUES ('94', '94');
INSERT INTO `attachments` (`post_id`, `media_id`) VALUES ('95', '95');
INSERT INTO `attachments` (`post_id`, `media_id`) VALUES ('96', '96');
INSERT INTO `attachments` (`post_id`, `media_id`) VALUES ('97', '97');
INSERT INTO `attachments` (`post_id`, `media_id`) VALUES ('98', '98');
INSERT INTO `attachments` (`post_id`, `media_id`) VALUES ('99', '99');
INSERT INTO `attachments` (`post_id`, `media_id`) VALUES ('100', '100');

/*
** TABLE DATA FOR: `likes`
*/

INSERT INTO `likes` (`id`, `user_id`, `media_id`, `post_id`, `created_at`) VALUES ('1', '101', '1', '1', '1995-02-06 02:02:33');
INSERT INTO `likes` (`id`, `user_id`, `media_id`, `post_id`, `created_at`) VALUES ('2', '102', '2', '2', '2012-01-20 08:01:28');
INSERT INTO `likes` (`id`, `user_id`, `media_id`, `post_id`, `created_at`) VALUES ('3', '103', '3', '3', '1983-10-22 22:41:49');
INSERT INTO `likes` (`id`, `user_id`, `media_id`, `post_id`, `created_at`) VALUES ('4', '104', '4', '4', '2015-11-09 19:47:11');
INSERT INTO `likes` (`id`, `user_id`, `media_id`, `post_id`, `created_at`) VALUES ('5', '105', '5', '5', '1981-02-11 23:53:01');
INSERT INTO `likes` (`id`, `user_id`, `media_id`, `post_id`, `created_at`) VALUES ('6', '106', '6', '6', '1993-02-16 09:10:31');
INSERT INTO `likes` (`id`, `user_id`, `media_id`, `post_id`, `created_at`) VALUES ('7', '107', '7', '7', '1977-08-05 21:28:02');
INSERT INTO `likes` (`id`, `user_id`, `media_id`, `post_id`, `created_at`) VALUES ('8', '112', '8', '8', '1979-01-04 09:34:16');
INSERT INTO `likes` (`id`, `user_id`, `media_id`, `post_id`, `created_at`) VALUES ('9', '114', '9', '9', '1996-02-28 15:35:11');
INSERT INTO `likes` (`id`, `user_id`, `media_id`, `post_id`, `created_at`) VALUES ('10', '117', '10', '10', '2001-12-22 18:56:01');
INSERT INTO `likes` (`id`, `user_id`, `media_id`, `post_id`, `created_at`) VALUES ('11', '121', '11', '11', '1981-09-09 16:21:59');
INSERT INTO `likes` (`id`, `user_id`, `media_id`, `post_id`, `created_at`) VALUES ('12', '124', '12', '12', '1981-09-26 07:42:57');
INSERT INTO `likes` (`id`, `user_id`, `media_id`, `post_id`, `created_at`) VALUES ('13', '126', '13', '13', '1977-10-16 19:05:51');
INSERT INTO `likes` (`id`, `user_id`, `media_id`, `post_id`, `created_at`) VALUES ('14', '127', '14', '14', '1983-11-15 17:58:43');
INSERT INTO `likes` (`id`, `user_id`, `media_id`, `post_id`, `created_at`) VALUES ('15', '130', '15', '15', '1978-10-01 10:00:20');
INSERT INTO `likes` (`id`, `user_id`, `media_id`, `post_id`, `created_at`) VALUES ('16', '131', '16', '16', '1986-06-15 08:47:06');
INSERT INTO `likes` (`id`, `user_id`, `media_id`, `post_id`, `created_at`) VALUES ('17', '132', '17', '17', '2000-05-17 01:38:45');
INSERT INTO `likes` (`id`, `user_id`, `media_id`, `post_id`, `created_at`) VALUES ('18', '134', '18', '18', '2004-10-07 16:12:23');
INSERT INTO `likes` (`id`, `user_id`, `media_id`, `post_id`, `created_at`) VALUES ('19', '135', '19', '19', '1992-08-18 02:02:34');
INSERT INTO `likes` (`id`, `user_id`, `media_id`, `post_id`, `created_at`) VALUES ('20', '138', '20', '20', '2017-07-28 02:49:59');
INSERT INTO `likes` (`id`, `user_id`, `media_id`, `post_id`, `created_at`) VALUES ('21', '139', '21', '21', '1999-03-08 14:11:46');
INSERT INTO `likes` (`id`, `user_id`, `media_id`, `post_id`, `created_at`) VALUES ('22', '142', '22', '22', '1974-08-16 09:07:22');
INSERT INTO `likes` (`id`, `user_id`, `media_id`, `post_id`, `created_at`) VALUES ('23', '144', '23', '23', '2008-12-14 09:48:21');
INSERT INTO `likes` (`id`, `user_id`, `media_id`, `post_id`, `created_at`) VALUES ('24', '145', '24', '24', '1970-01-12 13:41:37');
INSERT INTO `likes` (`id`, `user_id`, `media_id`, `post_id`, `created_at`) VALUES ('25', '146', '25', '25', '1971-12-21 07:31:38');
INSERT INTO `likes` (`id`, `user_id`, `media_id`, `post_id`, `created_at`) VALUES ('26', '149', '26', '26', '2003-03-20 06:11:44');
INSERT INTO `likes` (`id`, `user_id`, `media_id`, `post_id`, `created_at`) VALUES ('27', '150', '27', '27', '1987-02-14 18:43:40');
INSERT INTO `likes` (`id`, `user_id`, `media_id`, `post_id`, `created_at`) VALUES ('28', '153', '28', '28', '1983-09-19 08:51:31');
INSERT INTO `likes` (`id`, `user_id`, `media_id`, `post_id`, `created_at`) VALUES ('29', '154', '29', '29', '1981-12-21 22:26:55');
INSERT INTO `likes` (`id`, `user_id`, `media_id`, `post_id`, `created_at`) VALUES ('30', '157', '30', '30', '2018-06-09 11:16:49');
INSERT INTO `likes` (`id`, `user_id`, `media_id`, `post_id`, `created_at`) VALUES ('31', '160', '31', '31', '1998-10-29 10:45:46');
INSERT INTO `likes` (`id`, `user_id`, `media_id`, `post_id`, `created_at`) VALUES ('32', '166', '32', '32', '1978-08-02 22:49:45');
INSERT INTO `likes` (`id`, `user_id`, `media_id`, `post_id`, `created_at`) VALUES ('33', '168', '33', '33', '1993-09-27 12:34:25');
INSERT INTO `likes` (`id`, `user_id`, `media_id`, `post_id`, `created_at`) VALUES ('34', '170', '34', '34', '2005-08-25 11:13:15');
INSERT INTO `likes` (`id`, `user_id`, `media_id`, `post_id`, `created_at`) VALUES ('35', '171', '35', '35', '1971-02-09 02:41:31');
INSERT INTO `likes` (`id`, `user_id`, `media_id`, `post_id`, `created_at`) VALUES ('36', '172', '36', '36', '1970-01-19 10:14:43');
INSERT INTO `likes` (`id`, `user_id`, `media_id`, `post_id`, `created_at`) VALUES ('37', '177', '37', '37', '2000-05-18 19:50:24');
INSERT INTO `likes` (`id`, `user_id`, `media_id`, `post_id`, `created_at`) VALUES ('38', '181', '38', '38', '1992-01-24 07:50:12');
INSERT INTO `likes` (`id`, `user_id`, `media_id`, `post_id`, `created_at`) VALUES ('39', '183', '39', '39', '1975-06-09 20:11:33');
INSERT INTO `likes` (`id`, `user_id`, `media_id`, `post_id`, `created_at`) VALUES ('40', '184', '40', '40', '2007-12-02 09:29:52');
INSERT INTO `likes` (`id`, `user_id`, `media_id`, `post_id`, `created_at`) VALUES ('41', '187', '41', '41', '2007-02-24 04:41:08');
INSERT INTO `likes` (`id`, `user_id`, `media_id`, `post_id`, `created_at`) VALUES ('42', '191', '42', '42', '1992-07-09 07:15:05');
INSERT INTO `likes` (`id`, `user_id`, `media_id`, `post_id`, `created_at`) VALUES ('43', '192', '43', '43', '2008-05-30 19:36:33');
INSERT INTO `likes` (`id`, `user_id`, `media_id`, `post_id`, `created_at`) VALUES ('44', '194', '44', '44', '1994-11-03 11:53:41');
INSERT INTO `likes` (`id`, `user_id`, `media_id`, `post_id`, `created_at`) VALUES ('45', '197', '45', '45', '1989-12-19 05:01:14');
INSERT INTO `likes` (`id`, `user_id`, `media_id`, `post_id`, `created_at`) VALUES ('46', '198', '46', '46', '1990-11-02 01:22:17');
INSERT INTO `likes` (`id`, `user_id`, `media_id`, `post_id`, `created_at`) VALUES ('47', '199', '47', '47', '2004-06-11 14:08:12');
INSERT INTO `likes` (`id`, `user_id`, `media_id`, `post_id`, `created_at`) VALUES ('48', '101', '48', '48', '2014-07-09 23:10:38');
INSERT INTO `likes` (`id`, `user_id`, `media_id`, `post_id`, `created_at`) VALUES ('49', '102', '49', '49', '1971-11-03 15:55:54');
INSERT INTO `likes` (`id`, `user_id`, `media_id`, `post_id`, `created_at`) VALUES ('50', '103', '50', '50', '1973-05-08 21:21:27');
INSERT INTO `likes` (`id`, `user_id`, `media_id`, `post_id`, `created_at`) VALUES ('51', '104', '51', '51', '2019-10-07 02:40:24');
INSERT INTO `likes` (`id`, `user_id`, `media_id`, `post_id`, `created_at`) VALUES ('52', '105', '52', '52', '2015-11-02 09:02:22');
INSERT INTO `likes` (`id`, `user_id`, `media_id`, `post_id`, `created_at`) VALUES ('53', '106', '53', '53', '1978-08-04 21:34:39');
INSERT INTO `likes` (`id`, `user_id`, `media_id`, `post_id`, `created_at`) VALUES ('54', '107', '54', '54', '2013-05-20 18:32:22');
INSERT INTO `likes` (`id`, `user_id`, `media_id`, `post_id`, `created_at`) VALUES ('55', '112', '55', '55', '1970-01-13 03:40:07');
INSERT INTO `likes` (`id`, `user_id`, `media_id`, `post_id`, `created_at`) VALUES ('56', '114', '56', '56', '2004-03-21 23:15:42');
INSERT INTO `likes` (`id`, `user_id`, `media_id`, `post_id`, `created_at`) VALUES ('57', '117', '57', '57', '1974-02-17 01:11:11');
INSERT INTO `likes` (`id`, `user_id`, `media_id`, `post_id`, `created_at`) VALUES ('58', '121', '58', '58', '1995-05-06 12:44:24');
INSERT INTO `likes` (`id`, `user_id`, `media_id`, `post_id`, `created_at`) VALUES ('59', '124', '59', '59', '1998-12-16 02:35:56');
INSERT INTO `likes` (`id`, `user_id`, `media_id`, `post_id`, `created_at`) VALUES ('60', '126', '60', '60', '1990-12-31 01:46:15');
INSERT INTO `likes` (`id`, `user_id`, `media_id`, `post_id`, `created_at`) VALUES ('61', '127', '61', '61', '2018-01-10 12:20:15');
INSERT INTO `likes` (`id`, `user_id`, `media_id`, `post_id`, `created_at`) VALUES ('62', '130', '62', '62', '1980-06-22 22:14:40');
INSERT INTO `likes` (`id`, `user_id`, `media_id`, `post_id`, `created_at`) VALUES ('63', '131', '63', '63', '1986-05-01 15:25:27');
INSERT INTO `likes` (`id`, `user_id`, `media_id`, `post_id`, `created_at`) VALUES ('64', '132', '64', '64', '1979-11-07 14:48:10');
INSERT INTO `likes` (`id`, `user_id`, `media_id`, `post_id`, `created_at`) VALUES ('65', '134', '65', '65', '2014-01-12 16:23:55');
INSERT INTO `likes` (`id`, `user_id`, `media_id`, `post_id`, `created_at`) VALUES ('66', '135', '66', '66', '1994-04-15 04:47:35');
INSERT INTO `likes` (`id`, `user_id`, `media_id`, `post_id`, `created_at`) VALUES ('67', '138', '67', '67', '2008-11-12 04:25:07');
INSERT INTO `likes` (`id`, `user_id`, `media_id`, `post_id`, `created_at`) VALUES ('68', '139', '68', '68', '2007-01-31 06:15:26');
INSERT INTO `likes` (`id`, `user_id`, `media_id`, `post_id`, `created_at`) VALUES ('69', '142', '69', '69', '1986-08-28 03:22:06');
INSERT INTO `likes` (`id`, `user_id`, `media_id`, `post_id`, `created_at`) VALUES ('70', '144', '70', '70', '1984-09-18 01:44:52');
INSERT INTO `likes` (`id`, `user_id`, `media_id`, `post_id`, `created_at`) VALUES ('71', '145', '71', '71', '1970-12-14 04:32:00');
INSERT INTO `likes` (`id`, `user_id`, `media_id`, `post_id`, `created_at`) VALUES ('72', '146', '72', '72', '2011-02-20 11:06:10');
INSERT INTO `likes` (`id`, `user_id`, `media_id`, `post_id`, `created_at`) VALUES ('73', '149', '73', '73', '1999-12-25 05:28:00');
INSERT INTO `likes` (`id`, `user_id`, `media_id`, `post_id`, `created_at`) VALUES ('74', '150', '74', '74', '2015-09-09 02:14:10');
INSERT INTO `likes` (`id`, `user_id`, `media_id`, `post_id`, `created_at`) VALUES ('75', '153', '75', '75', '2019-02-24 00:37:46');
INSERT INTO `likes` (`id`, `user_id`, `media_id`, `post_id`, `created_at`) VALUES ('76', '154', '76', '76', '1992-09-05 13:46:00');
INSERT INTO `likes` (`id`, `user_id`, `media_id`, `post_id`, `created_at`) VALUES ('77', '157', '77', '77', '2003-10-21 18:04:21');
INSERT INTO `likes` (`id`, `user_id`, `media_id`, `post_id`, `created_at`) VALUES ('78', '160', '78', '78', '1970-07-15 20:28:10');
INSERT INTO `likes` (`id`, `user_id`, `media_id`, `post_id`, `created_at`) VALUES ('79', '166', '79', '79', '2013-01-22 16:53:10');
INSERT INTO `likes` (`id`, `user_id`, `media_id`, `post_id`, `created_at`) VALUES ('80', '168', '80', '80', '1987-02-18 03:22:14');
INSERT INTO `likes` (`id`, `user_id`, `media_id`, `post_id`, `created_at`) VALUES ('81', '170', '81', '81', '2016-06-27 13:53:37');
INSERT INTO `likes` (`id`, `user_id`, `media_id`, `post_id`, `created_at`) VALUES ('82', '171', '82', '82', '2013-10-03 04:27:10');
INSERT INTO `likes` (`id`, `user_id`, `media_id`, `post_id`, `created_at`) VALUES ('83', '172', '83', '83', '1988-02-03 03:13:18');
INSERT INTO `likes` (`id`, `user_id`, `media_id`, `post_id`, `created_at`) VALUES ('84', '177', '84', '84', '1995-02-02 08:29:11');
INSERT INTO `likes` (`id`, `user_id`, `media_id`, `post_id`, `created_at`) VALUES ('85', '181', '85', '85', '1974-06-08 16:00:53');
INSERT INTO `likes` (`id`, `user_id`, `media_id`, `post_id`, `created_at`) VALUES ('86', '183', '86', '86', '2003-03-15 07:12:04');
INSERT INTO `likes` (`id`, `user_id`, `media_id`, `post_id`, `created_at`) VALUES ('87', '184', '87', '87', '1988-03-24 21:45:29');
INSERT INTO `likes` (`id`, `user_id`, `media_id`, `post_id`, `created_at`) VALUES ('88', '187', '88', '88', '1999-05-26 22:17:40');
INSERT INTO `likes` (`id`, `user_id`, `media_id`, `post_id`, `created_at`) VALUES ('89', '191', '89', '89', '2016-05-10 08:20:38');
INSERT INTO `likes` (`id`, `user_id`, `media_id`, `post_id`, `created_at`) VALUES ('90', '192', '90', '90', '1993-11-18 11:02:30');
INSERT INTO `likes` (`id`, `user_id`, `media_id`, `post_id`, `created_at`) VALUES ('91', '194', '91', '91', '2017-12-02 04:34:02');
INSERT INTO `likes` (`id`, `user_id`, `media_id`, `post_id`, `created_at`) VALUES ('92', '197', '92', '92', '1983-05-28 16:39:10');
INSERT INTO `likes` (`id`, `user_id`, `media_id`, `post_id`, `created_at`) VALUES ('93', '198', '93', '93', '2005-08-03 23:03:44');
INSERT INTO `likes` (`id`, `user_id`, `media_id`, `post_id`, `created_at`) VALUES ('94', '199', '94', '94', '2010-01-26 04:40:25');
INSERT INTO `likes` (`id`, `user_id`, `media_id`, `post_id`, `created_at`) VALUES ('95', '101', '95', '95', '2007-10-19 22:30:17');
INSERT INTO `likes` (`id`, `user_id`, `media_id`, `post_id`, `created_at`) VALUES ('96', '102', '96', '96', '2006-04-22 22:47:10');
INSERT INTO `likes` (`id`, `user_id`, `media_id`, `post_id`, `created_at`) VALUES ('97', '103', '97', '97', '2000-07-21 07:10:27');
INSERT INTO `likes` (`id`, `user_id`, `media_id`, `post_id`, `created_at`) VALUES ('98', '104', '98', '98', '1973-09-26 11:49:28');
INSERT INTO `likes` (`id`, `user_id`, `media_id`, `post_id`, `created_at`) VALUES ('99', '105', '99', '99', '2007-11-21 16:29:02');
INSERT INTO `likes` (`id`, `user_id`, `media_id`, `post_id`, `created_at`) VALUES ('100', '106', '100', '100', '1984-06-14 11:32:45');

/*
** TABLE DATA FOR: `profiles`
*/

INSERT INTO `profiles` (`user_id`, `gender`, `birthday`, `photo_id`, `created_at`, `hometown`) VALUES ('101', 'f', '2008-10-01', '1', '1970-11-26 22:47:07', 'Schinnerstad');
INSERT INTO `profiles` (`user_id`, `gender`, `birthday`, `photo_id`, `created_at`, `hometown`) VALUES ('102', 'f', '1981-04-28', '2', '1995-11-10 23:00:47', 'Sanfordberg');
INSERT INTO `profiles` (`user_id`, `gender`, `birthday`, `photo_id`, `created_at`, `hometown`) VALUES ('103', 'f', '1977-03-14', '3', '1983-09-12 03:55:12', 'Port Ismaelside');
INSERT INTO `profiles` (`user_id`, `gender`, `birthday`, `photo_id`, `created_at`, `hometown`) VALUES ('104', 'f', '2007-03-24', '4', '2006-09-17 03:53:46', 'Noetown');
INSERT INTO `profiles` (`user_id`, `gender`, `birthday`, `photo_id`, `created_at`, `hometown`) VALUES ('105', 'f', '1995-10-10', '5', '2014-05-30 09:24:09', 'South Kaceybury');
INSERT INTO `profiles` (`user_id`, `gender`, `birthday`, `photo_id`, `created_at`, `hometown`) VALUES ('106', 'm', '1976-01-12', '6', '2016-02-17 20:08:38', 'West Louie');
INSERT INTO `profiles` (`user_id`, `gender`, `birthday`, `photo_id`, `created_at`, `hometown`) VALUES ('107', 'm', '2013-03-09', '7', '2009-04-24 05:39:02', 'North Irwinmouth');
INSERT INTO `profiles` (`user_id`, `gender`, `birthday`, `photo_id`, `created_at`, `hometown`) VALUES ('112', 'f', '1970-04-05', '12', '1977-09-04 23:27:49', 'East Eileen');
INSERT INTO `profiles` (`user_id`, `gender`, `birthday`, `photo_id`, `created_at`, `hometown`) VALUES ('114', 'm', '1977-06-22', '14', '2009-09-30 14:02:26', 'South Jonasbury');
INSERT INTO `profiles` (`user_id`, `gender`, `birthday`, `photo_id`, `created_at`, `hometown`) VALUES ('117', 'm', '2008-11-18', '17', '1984-03-05 11:42:05', 'Oleberg');
INSERT INTO `profiles` (`user_id`, `gender`, `birthday`, `photo_id`, `created_at`, `hometown`) VALUES ('121', 'm', '2007-09-06', '21', '1989-01-05 11:11:45', 'South Ambershire');
INSERT INTO `profiles` (`user_id`, `gender`, `birthday`, `photo_id`, `created_at`, `hometown`) VALUES ('124', 'm', '1974-12-30', '24', '1988-05-15 09:35:49', 'Edythland');
INSERT INTO `profiles` (`user_id`, `gender`, `birthday`, `photo_id`, `created_at`, `hometown`) VALUES ('126', 'm', '1986-02-10', '26', '2017-09-28 23:38:27', 'Sethport');
INSERT INTO `profiles` (`user_id`, `gender`, `birthday`, `photo_id`, `created_at`, `hometown`) VALUES ('127', 'm', '2014-03-06', '27', '1973-09-26 06:13:52', 'Swaniawskimouth');
INSERT INTO `profiles` (`user_id`, `gender`, `birthday`, `photo_id`, `created_at`, `hometown`) VALUES ('130', 'm', '2003-07-01', '30', '1993-11-17 01:06:09', 'East Herta');
INSERT INTO `profiles` (`user_id`, `gender`, `birthday`, `photo_id`, `created_at`, `hometown`) VALUES ('131', 'm', '2006-01-28', '31', '1984-11-13 15:10:51', 'Kiehntown');
INSERT INTO `profiles` (`user_id`, `gender`, `birthday`, `photo_id`, `created_at`, `hometown`) VALUES ('132', 'f', '1987-09-09', '32', '1975-10-13 19:46:04', 'Reillychester');
INSERT INTO `profiles` (`user_id`, `gender`, `birthday`, `photo_id`, `created_at`, `hometown`) VALUES ('134', 'f', '1994-11-30', '34', '1975-03-04 02:25:23', 'East Mafaldaside');
INSERT INTO `profiles` (`user_id`, `gender`, `birthday`, `photo_id`, `created_at`, `hometown`) VALUES ('135', 'm', '2002-07-14', '35', '1970-04-07 06:31:39', 'East Lester');
INSERT INTO `profiles` (`user_id`, `gender`, `birthday`, `photo_id`, `created_at`, `hometown`) VALUES ('138', 'f', '2015-01-09', '38', '2018-10-03 01:11:53', 'North Jeremy');
INSERT INTO `profiles` (`user_id`, `gender`, `birthday`, `photo_id`, `created_at`, `hometown`) VALUES ('139', 'm', '1985-06-17', '39', '1993-08-22 05:17:36', 'Jackhaven');
INSERT INTO `profiles` (`user_id`, `gender`, `birthday`, `photo_id`, `created_at`, `hometown`) VALUES ('142', 'f', '1975-06-25', '42', '1983-03-25 21:39:28', 'Henryside');
INSERT INTO `profiles` (`user_id`, `gender`, `birthday`, `photo_id`, `created_at`, `hometown`) VALUES ('144', 'f', '1979-12-10', '44', '1997-12-09 15:17:37', 'New Tressafort');
INSERT INTO `profiles` (`user_id`, `gender`, `birthday`, `photo_id`, `created_at`, `hometown`) VALUES ('145', 'f', '1976-02-02', '45', '1979-07-23 21:05:01', 'Eribertomouth');
INSERT INTO `profiles` (`user_id`, `gender`, `birthday`, `photo_id`, `created_at`, `hometown`) VALUES ('146', 'f', '1993-10-23', '46', '1992-10-13 13:03:04', 'Chestertown');
INSERT INTO `profiles` (`user_id`, `gender`, `birthday`, `photo_id`, `created_at`, `hometown`) VALUES ('149', 'f', '1998-11-05', '49', '1999-01-24 08:20:23', 'New Garnetttown');
INSERT INTO `profiles` (`user_id`, `gender`, `birthday`, `photo_id`, `created_at`, `hometown`) VALUES ('150', 'm', '2019-03-01', '50', '1986-11-09 18:08:46', 'Port Annettebury');
INSERT INTO `profiles` (`user_id`, `gender`, `birthday`, `photo_id`, `created_at`, `hometown`) VALUES ('153', 'm', '2016-05-22', '53', '1971-08-21 05:08:20', 'East Joana');
INSERT INTO `profiles` (`user_id`, `gender`, `birthday`, `photo_id`, `created_at`, `hometown`) VALUES ('154', 'm', '1994-12-31', '54', '1997-03-23 16:51:43', 'Lake Maurice');
INSERT INTO `profiles` (`user_id`, `gender`, `birthday`, `photo_id`, `created_at`, `hometown`) VALUES ('157', 'm', '2008-10-26', '57', '1992-09-05 01:56:29', 'Bahringerport');
INSERT INTO `profiles` (`user_id`, `gender`, `birthday`, `photo_id`, `created_at`, `hometown`) VALUES ('160', 'f', '1985-02-23', '60', '1998-02-27 11:03:19', 'South Josefina');
INSERT INTO `profiles` (`user_id`, `gender`, `birthday`, `photo_id`, `created_at`, `hometown`) VALUES ('166', 'm', '2007-12-01', '66', '1970-03-17 15:30:27', 'Pinkville');
INSERT INTO `profiles` (`user_id`, `gender`, `birthday`, `photo_id`, `created_at`, `hometown`) VALUES ('168', 'f', '1991-11-10', '68', '1978-05-24 18:40:56', 'Kearafurt');
INSERT INTO `profiles` (`user_id`, `gender`, `birthday`, `photo_id`, `created_at`, `hometown`) VALUES ('170', 'f', '1972-01-09', '70', '2019-07-07 21:11:49', 'O\'Haratown');
INSERT INTO `profiles` (`user_id`, `gender`, `birthday`, `photo_id`, `created_at`, `hometown`) VALUES ('171', 'f', '2018-07-07', '71', '1980-10-18 18:35:13', 'Traceybury');
INSERT INTO `profiles` (`user_id`, `gender`, `birthday`, `photo_id`, `created_at`, `hometown`) VALUES ('172', 'f', '1980-12-03', '72', '1971-08-07 01:24:02', 'Watsicatown');
INSERT INTO `profiles` (`user_id`, `gender`, `birthday`, `photo_id`, `created_at`, `hometown`) VALUES ('177', 'm', '2005-09-26', '77', '1986-03-25 01:01:10', 'New Josephhaven');
INSERT INTO `profiles` (`user_id`, `gender`, `birthday`, `photo_id`, `created_at`, `hometown`) VALUES ('181', 'f', '1977-06-16', '81', '1996-07-13 19:37:24', 'Ratkeberg');
INSERT INTO `profiles` (`user_id`, `gender`, `birthday`, `photo_id`, `created_at`, `hometown`) VALUES ('183', 'f', '1970-06-07', '83', '2017-05-27 03:43:00', 'Felicitaview');
INSERT INTO `profiles` (`user_id`, `gender`, `birthday`, `photo_id`, `created_at`, `hometown`) VALUES ('184', 'm', '2006-09-30', '84', '1981-01-17 13:51:19', 'Schowalterborough');
INSERT INTO `profiles` (`user_id`, `gender`, `birthday`, `photo_id`, `created_at`, `hometown`) VALUES ('187', 'f', '1989-08-04', '87', '2003-06-20 01:33:54', 'Darrelview');
INSERT INTO `profiles` (`user_id`, `gender`, `birthday`, `photo_id`, `created_at`, `hometown`) VALUES ('191', 'm', '2014-01-02', '91', '1981-06-09 02:29:19', 'North Justineland');
INSERT INTO `profiles` (`user_id`, `gender`, `birthday`, `photo_id`, `created_at`, `hometown`) VALUES ('192', 'm', '2010-02-28', '92', '1978-10-26 08:17:26', 'Tarynburgh');
INSERT INTO `profiles` (`user_id`, `gender`, `birthday`, `photo_id`, `created_at`, `hometown`) VALUES ('194', 'm', '1986-01-24', '94', '1974-04-07 06:04:02', 'South Gradyton');
INSERT INTO `profiles` (`user_id`, `gender`, `birthday`, `photo_id`, `created_at`, `hometown`) VALUES ('197', 'f', '1978-04-04', '97', '1993-10-02 23:32:07', 'Lake Marianna');
INSERT INTO `profiles` (`user_id`, `gender`, `birthday`, `photo_id`, `created_at`, `hometown`) VALUES ('198', 'm', '1990-06-21', '98', '1989-05-12 14:37:49', 'Towneland');
INSERT INTO `profiles` (`user_id`, `gender`, `birthday`, `photo_id`, `created_at`, `hometown`) VALUES ('199', 'f', '2010-07-27', '99', '2000-07-02 21:54:58', 'Cletamouth');


